pdb_id,group,download_path,download_format,error,region_start,region_end,cell_a,cell_b,cell_c,cell_alpha,cell_beta,cell_gamma,cell_volume,spacegroup_hm,n_asu_per_cell,asu_mass_non_water_da,matthews_vm_est,solvent_fraction_est,atoms_non_h_non_water,atoms_non_h_non_water_region,crystal_contacts_atom,crystal_contacts_residue,crystal_contacts_atom_region_any,crystal_contacts_residue_region_any,nearest_symmetry_atom_distance,median_symmetry_atom_distance,symmetry_contacts_within_nearest_cutoff,crystal_contacts_atom_per_1k_atoms,crystal_contacts_residue_per_1k_atoms,crystal_contacts_atom_region_any_per_1k_region_atoms,crystal_contacts_residue_region_any_per_1k_region_atoms,interface_images_used,interface_bsa_top_images_sum,interface_bsa_top_images_mean,interface_bsa_top_image_max,interface_region_images_used,interface_region_bsa_top_images_sum,interface_region_bsa_top_images_mean,interface_region_bsa_top_image_max,region_atom_count,region_sasa_sum,region_sasa_mean_atom,region_sasa_median_atom,region_buried_atom_fraction_sasa_lt_5,region_buried_atom_fraction_sasa_lt_10,region_neighbor_contacts_4A,region_neighbor_unique_partner_atoms_4A,region_neighbor_contacts_6A,region_neighbor_unique_partner_atoms_6A,region_centroid_local_atom_density_6A_per_nm3,region_nearest_symmetry_atom_distance,region_median_symmetry_atom_distance,region_b_iso_mean,global_b_iso_mean,region_b_iso_ratio_to_global,region_b_iso_zscore_vs_global,region_occ_mean,region_occ_lt1_fraction,region_altloc_atom_fraction,region_altloc_residue_fraction,region_map_fraction_above_threshold,region_map_gradient_sharpness,region_map_local_variance,z_solvent_fraction_est,z_matthews_vm_est,z_region_nearest_symmetry_atom_distance,z_region_sasa_mean_atom,z_region_buried_atom_fraction_sasa_lt_10,z_region_centroid_local_atom_density_6A_per_nm3,z_crystal_contacts_atom_per_1k_atoms,z_crystal_contacts_atom_region_any_per_1k_region_atoms,z_interface_region_bsa_top_images_sum,z_region_neighbor_contacts_6A,loose_packing_score
1lds,C 121,pdb_downloads/1LDS.cif,cif,,55,63,77.425,29.091,54.644,90.0,121.64,90.0,104784.26117976409,C 1 2 1,4,10679.540070000028,2.4529207365894505,0.4985569726520408,810,83,173,42,76,15,2.665823981436137,16.76152224590594,178538,213.58024691358023,51.85185185185185,915.6626506024096,180.72289156626505,3,589.9735283415812,196.65784278052706,494.8329395058836,3,0.0,0.0,0.0,83,730.5566208441243,8.80188699812198,1.8231647749497666,0.5903614457831325,0.6867469879518072,317.0,60.0,2049.0,147.0,60.788346319821144,2.787530807004653,5.092602723558943,11.552891574710248,14.152679021270187,0.8163042175511297,-0.19667768850502979,1.0,0.0,0.0,0.0,,,,1.4511444686694588,1.5763149580554003,0.24209672237288912,0.9927357882501034,1.4817674855168574,1.3009186644541364,0.7754300759476541,-0.23145641864156086,1.363767640149416,0.3315273753486087,0.9284246760122963
2d4f,C 121,pdb_downloads/2D4F.cif,cif,,55,63,77.649,28.869,54.756,90.0,121.66,90.0,104476.73335119631,C 1 2 1,4,10823.630470000033,2.4131628856134624,0.49029549255341065,821,83,171,42,74,16,2.734923490703167,16.778334637838316,182014,208.28258221680878,51.15712545676005,891.5662650602409,192.77108433734938,3,1098.2612537559653,366.08708458532175,622.5868721686675,3,247.30282496436467,82.43427498812156,247.30282496436467,83,704.6382490972303,8.489617459002774,1.6845304210752914,0.6144578313253012,0.7228915662650602,321.0,63.0,2087.0,158.0,60.788346319821144,2.8234098179329283,5.119885907754611,15.06626506598599,16.13619974440692,0.9336935154888754,-0.14660928682672164,1.0,0.0,0.0,0.0,,,,1.271608719870362,1.3482732041203662,0.4454719071807805,0.49031741542041457,0.03185415656414535,1.3009186644541364,0.8759306279492816,-0.11645735158299492,-0.657537622369262,0.05846573168867975,0.5048845453295908
2yxf,C 121,pdb_downloads/2YXF.cif,cif,,55,63,77.644,28.907,54.397,90.0,121.59,90.0,103999.88906450038,C 1 2 1,4,10910.688400000037,2.3829818351447933,0.4838399597262295,828,83,181,42,83,16,2.57035989697941,16.79729785560761,186055,218.59903381642513,50.72463768115942,1000.0,192.77108433734938,3,1117.7358182667595,372.5786060889198,647.0154296311985,3,263.5413965499681,87.8471321833227,263.5413965499681,83,699.2043852462576,8.42414921983443,1.6027438072846487,0.6265060240963856,0.7108433734939759,344.0,72.0,2137.0,160.0,62.998831640541916,2.57035989697941,5.084933824544815,11.635180720363755,13.260857466914228,0.8774078712024069,-0.3302912947017623,1.0,0.0,0.0,0.0,,,,1.131319218934895,1.1751617427228729,-0.9889063855326002,0.38498390678629707,0.5151585995483842,-0.3665427866147042,0.6802200385094896,-0.6339531533465411,-0.790261986543008,-0.3008259047059636,0.08063532897591215
3qda,C 121,pdb_downloads/3QDA.cif,cif,,55,63,77.41,28.98,54.45,90.0,121.77,90.0,103848.0478910318,C 1 2 1,4,11987.473100000087,2.165761854577823,0.43207052178884797,906,114,265,50,82,16,1.0502211923309475,16.700725561009858,237998,292.49448123620306,55.18763796909492,719.2982456140351,140.35087719298244,3,125.34123256318018,41.780410854393395,125.34123256317756,3,0.0,0.0,0.0,114,595.6546522331864,7.176562075098632,0.7992151776538587,0.6722891564828803,0.7566265058804708,304.4150000000164,64.20650000000283,1979.6995000001066,163.9725000000082,61.57030550202611,2.8170424369264175,5.1534192149865765,16.696530141490772,17.751891216292606,0.9405493723489456,-0.14703830164866424,0.7280701835427368,0.543859649122807,0.543859649122807,0.3333333333333333,,,,0.006282942864062291,-0.07076136786333212,0.40937929326981937,-1.6222906579675835,-1.3213982780302822,0.7110541761385403,-0.7216303391901162,0.705685101511137,1.363767640149416,0.8295091763071825,0.028959768718884327
4fxl,C 121,pdb_downloads/4FXL.cif,cif,,55,63,76.22,28.42,52.26,90.0,126.54,90.0,90952.91654123733,C 1 2 1,4,11662.213570000069,1.9497352709953155,0.36914512534201616,882,83,292,61,88,18,0.905458999623951,16.71772482347478,260082,331.0657596371882,69.16099773242631,1060.2409638554216,216.86746987951807,3,950.2530296485327,316.75100988284424,805.1329524027651,3,266.3735893290727,88.79119644302422,266.3735893290727,83,689.8719134106968,8.311709800128877,1.5718444359294372,0.6385542168674698,0.7228915662650602,368.0,71.0,2257.0,170.0,62.998831640541916,2.744280597898109,5.101248225241514,18.034698762089374,17.27392995719411,1.0440414431910108,0.09611766906999022,1.0,0.0,0.0,0.0,,,,-1.3611909280026369,-1.309839431878935,-0.003061074412737231,0.20407727577220686,0.03185415656414535,-0.3665427866147042,-1.4533555412531822,-0.9214508209929548,-0.8134106350458966,-1.1631258320531077,-0.7156045617917803
4rmu,C 121,pdb_downloads/4RMU.cif,cif,,55,63,77.401,28.866,57.87,90.0,124.17,90.0,106976.63507883275,C 1 2 1,4,11410.998900000059,2.343717583717237,0.47519274141845746,864,83,202,49,75,16,1.1555258543191518,16.73433886504035,194737,233.7962962962963,56.71296296296296,903.6144578313252,192.77108433734938,3,909.7537009798298,303.25123365994324,820.9507291715478,3,255.1799258186238,85.0599752728746,255.1799258186238,83,697.4796468412328,8.403369239050997,1.5938040915164313,0.6265060240963856,0.7228915662650602,340.7200000286103,67.29000002145767,2133.580000042918,165.0000000000002,62.998831640541916,2.7815725767989634,5.118879410185116,18.14662646672812,16.607788076531932,1.092657636471812,0.16442657458340293,1.0,0.0,0.0,0.0,,,,0.9434007351546664,0.9499511605942305,0.2083233228878112,0.3515504692435502,0.03185415656414535,-0.3665427866147042,0.39191691712253646,-0.1739568851122779,-0.7219203297338003,-0.2762503570849721,0.13383264030211856
4rmv,C 121,pdb_downloads/4RMV.cif,cif,,55,63,77.54,28.871,53.28,90.0,125.78,90.0,96764.52366035493,C 1 2 1,4,12347.828900000104,1.9591404376431332,0.3721736449482391,934,100,301,63,67,16,1.1002430933315768,16.723254206343928,272970,322.2698072805139,67.45182012847965,670.0,160.0,3,1.9610979506978765e-12,6.536993168992922e-13,1.5631940186722204e-12,3,0.0,0.0,0.0,100,583.833381933675,7.034137131731025,0.7106230746415838,0.6525301207979042,0.7575903613883329,320.6005000000189,63.66800000000244,2077.2660000001183,167.9850000000104,60.94957359290122,2.81643314731451,5.091826404473659,29.884028932179028,27.05668998909425,1.104496852505772,0.1896939506263145,0.83,0.34,0.34,0.2222222222222222,,,,-1.2953761431499635,-1.2558935911010982,0.4059256198207112,-1.8514417576840303,-1.3600626369258846,1.1792981948668018,-1.2864899282285376,0.9409590700205166,1.363767640149416,0.12841262746113877,-0.30309009047709295
4rmw,C 121,pdb_downloads/4RMW.cif,cif,,55,63,77.624,28.992,56.293,90.0,127.2,90.0,100909.18093108945,C 1 2 1,4,12761.89150000012,1.9767677254403961,0.37777211547402556,964,118,263,57,75,15,1.2349384243105483,16.733413419089775,267700,272.8215767634855,59.128630705394194,635.5932203389831,127.11864406779662,3,560.7070688922333,186.9023562974111,400.47518592247434,3,0.0,0.0,0.0,118,515.1418463847033,6.5207828656291555,0.5087046039861199,0.7036708859665484,0.790000000109401,277.269500000014,61.35400000000364,1830.1090000001004,160.59400000000798,61.07722912017284,2.5322410508163204,5.138780895971025,20.08081012534039,21.87852536470269,0.917831974075245,-0.12718869030958538,0.6694915155738087,0.6610169491525424,0.6610169491525424,0.5555555555555556,,,,-1.1737120362372806,-1.1547875824077911,-1.2049777649410134,-2.677390442232551,-2.6601515952465964,1.0830022960675791,-0.348421034307471,1.1051640938230396,1.363767640149416,1.9044414869890847,-0.3763064938343585
6m1b,C 121,pdb_downloads/6M1B.cif,cif,,55,63,77.26,28.9,54.9,90.0,121.68,90.0,104316.17036877891,C 1 2 1,4,12320.938721000062,2.116644127751814,0.41889144997348227,862,83,226,59,81,16,2.2157485931165315,16.745768092267365,202676,262.1809744779582,68.44547563805105,975.9036144578313,192.77108433734938,3,0.0,0.0,0.0,3,0.0,0.0,0.0,83,694.5609084025098,8.36820371569289,1.5233361731412303,0.6024096385542169,0.7228915662650602,341.0,66.0,2130.0,166.0,62.998831640541916,2.745214815974077,5.128946065475982,33.60843380388007,37.30768359449724,0.9008448278155012,-0.2624979258465702,1.0,0.0,0.0,0.0,,,,-0.2801202801178683,-0.35248918513066324,0.002234410856649666,0.2949717677950538,0.03185415656414535,-0.3665427866147042,-0.1465610706187562,-0.5189540862879751,1.363767640149416,-0.2505250756107135,-0.022236450901541575
4rmr,I 121,pdb_downloads/4RMR.cif,cif,,55,63,52.35,29.12,71.187,90.0,92.01,90.0,108452.97083236605,I 1 2 1,4,11857.437300000081,2.2866022414549327,0.4620839699617506,897,94,169,37,26,7,2.589256456977555,16.89678308615093,196984,188.40579710144928,41.24860646599777,276.59574468085106,74.46808510638297,2,1028.6459281578154,514.3229640789077,554.6653565313037,2,104.76213374501695,52.38106687250848,101.3588981255694,94,663.4661767245308,7.993568394271455,1.0819969528195117,0.6650602411074811,0.7493975905050714,294.2600001317293,50.55990399810162,1775.440000458973,122.56799998712617,62.681773753473564,3.2784084553331914,5.178864544650873,32.06388198485123,33.974495127299,0.9437633102334885,-0.1273915079001932,0.8829787268917612,0.23404255319148937,0.23404255319148937,0.2222222222222222,,,,0.6585252562793582,0.6223508877836618,3.02456842000279,-0.3077884922161934,-1.0314156237626124,-0.127372772913176,1.253007696894165,2.818465647071251,0.5075046666795354,2.297283773092879,0.9715129458911658
4rms,I 121,pdb_downloads/4RMS.cif,cif,,55,63,55.02,28.9,67.155,90.0,101.93,90.0,104475.29788514145,I 1 2 1,4,11565.188500000066,2.258400238896687,0.45536668885542575,873,83,204,51,75,17,0.39274436319651906,16.795120974874198,202114,233.67697594501718,58.419243986254294,903.6144578313252,204.81927710843374,3,2.3860025066824164e-11,7.953341688941388e-12,1.2107648217352107e-11,3,0.0,0.0,0.0,83,693.7862436224887,8.358870405090224,1.6472338029683204,0.6265060240963856,0.7108433734939759,332.0,68.0,2138.0,168.0,62.998831640541916,2.827248951964587,5.10498793604777,26.799879499228602,27.374433966177815,0.9790112749852984,-0.036927839597049476,1.0,0.0,0.0,0.0,,,,0.5125475284484788,0.46059078330148356,0.46723350464375746,0.27995516790723995,0.5151585995483842,-0.3665427866147042,0.39418051096151396,-0.1739568851122779,1.363767640149416,-0.30801173743385646,0.3144922325799436
4rmt,I 121,pdb_downloads/4RMT.cif,cif,,55,63,54.78,28.97,67.577,90.0,101.89,90.0,104942.21227726321,I 1 2 1,4,12279.6510000001,2.1365064096133994,0.4242937936130188,926,86,260,50,80,17,0.9162727719264101,16.742622279832993,231836,280.7775377969762,53.99568034557235,930.232558139535,197.67441860465118,3,4.490630090003833e-12,1.4968766966679443e-12,2.7853275241795927e-12,3,0.0,0.0,0.0,86,703.2767754326236,8.473214161838838,1.6254111592053713,0.6385542168674698,0.6987951807228916,330.4550000740586,68.88110002257223,2105.32900000012,164.77550000000772,61.89358898018155,2.5025367617737038,5.1047889292341075,17.596980790280362,19.869655854335402,0.8856208139327607,-0.2059620156235864,0.9651162801093833,0.06976744186046512,0.06976744186046512,0.1111111111111111,,,,-0.1627183377280237,-0.23856377211969537,-1.373352397277056,0.46392573503624235,0.9984630425326186,0.4671879389197027,-0.4993514010512446,-0.30099073825836853,1.363767640149416,-0.0732433963817293,0.06451243138218624
5cs7,I 121,pdb_downloads/5CS7.cif,cif,,55,63,59.63,29.24,65.956,90.0,102.89,90.0,112101.66719978448,I 1 2 1,4,11481.16150000006,2.440991427561225,0.4961063827950911,867,83,130,35,51,12,2.7081567848518753,16.77422835647918,180272,149.94232987312571,40.36908881199539,614.4578313253012,144.57831325301203,3,1120.6756310059895,373.55854366866316,642.3328475994626,3,252.92098323045317,84.30699441015106,252.92098323045317,83,707.0615238381281,8.51881354021841,1.8712999001576927,0.6265060240963856,0.6987951807228916,305.0,56.0,2028.3999999761575,160.31999999284739,66.31455962162306,2.8421882414787327,5.140190171579246,52.54602413866893,43.85193840815881,1.1982600096166458,0.3825207594273974,1.0,0.0,0.0,0.0,,,,1.3978890616825335,1.50789122570446,0.551914790086985,0.5372917301702231,0.9984630425326186,-2.867734963217957,1.9826876426066293,1.2060319195905107,-0.703457085159644,0.47955552971453025,0.509053289371089
5csb,I 121,pdb_downloads/5CSB.cif,cif,,55,63,56.0,29.32,63.678,90.0,98.57,90.0,103386.786437927,I 1 2 1,4,11909.538300000082,2.1702517728568513,0.433245480831532,900,83,174,40,52,13,2.1387397647978688,16.750053238036998,226614,193.33333333333331,44.44444444444444,626.5060240963855,156.6265060240964,3,606.6189602018131,202.20632006727104,531.0676586101761,3,205.38213721442668,68.46071240480889,205.38213721442668,83,654.8818535973421,7.890142814425809,0.7046137493369288,0.6265060240963856,0.6987951807228916,300.26999999701354,61.369999988673534,2040.844000000109,156.5550000000095,64.1040743009023,2.8262735182569236,5.175463765378093,51.59060249558414,38.96758828366287,1.3239362446562664,0.5385810363019016,1.0,0.0,0.0,0.0,,,,0.03181676356182431,-0.045008244536999115,0.46170439429675014,-0.4741925279142789,0.9984630425326186,-1.200273512149122,1.1595287510457866,1.1485323860612278,-0.3149030132839762,0.3901350270765199,0.2155803066690351
5csg,I 121,pdb_downloads/5CSG.cif,cif,,55,63,57.353,29.07,61.24,90.0,98.06,90.0,101093.90422979568,I 1 2 1,4,12487.828200000109,2.023848795217146,0.3922470873778745,943,83,225,50,79,16,2.500226039384684,16.766099069244724,249780,238.60021208907742,53.022269353128316,951.8072289156626,192.77108433734938,3,1161.1259189160087,387.0419729720029,672.7162584329981,3,280.0017278994796,93.33390929982653,280.0017278994796,83,712.0545931694411,8.57897100204146,1.8258335263674343,0.6144578313253012,0.6987951807228916,325.17999994754786,65.89999997615816,2062.3300000001145,164.85750000000763,61.89358898018153,2.650343574776416,5.121684994191542,30.11313258021711,26.553426419769735,1.1340582606618737,0.2759488224332551,1.0,0.0,0.0,0.0,,,,-0.8591467418133052,-0.8847415546304831,-0.5355300289184429,0.6340805945850865,0.9984630425326186,0.46718793891971344,0.30078314090637315,-0.40395501922940924,-0.9247988822875794,0.23574022508497383,-0.09719172848504543
7nmc,I 121,pdb_downloads/7NMC.cif,cif,,55,63,54.63,28.871,67.508,90.0,102.023,90.0,104139.51959752101,I 1 2 1,4,12453.84366000006,2.090509613750854,0.411626719193557,877,83,264,58,78,17,0.19627786426390456,16.701425747341233,214724,301.02622576966934,66.1345496009122,939.7590361445783,204.81927710843374,3,891.391799579569,297.1305998598563,793.7363385198456,3,268.34326600524935,89.44775533508312,268.34326600524935,83,699.4278757890064,8.426841876975981,1.5644687263343422,0.6024096385542169,0.7108433734939759,324.0,66.0,2103.5,167.5,61.89358898018153,2.778930044156077,5.11842421151781,11.444674687213208,14.773393029667611,0.7746815280843241,-0.3189596002287286,1.0,0.0,0.0,0.0,,,,-0.43799500290682686,-0.5023906577886802,0.19334449402092072,0.38931619107973925,0.5151585995483842,0.46718793891971344,-0.8834837376645008,-0.3464554857001268,-0.8295095932021163,-0.06010050832155255,-0.14949277620150456
7nmo,I 121,pdb_downloads/7NMO.cif,cif,,55,63,55.665,28.799,62.289,90.0,98.41,90.0,98781.50610375071,I 1 2 1,4,11112.857900000045,2.22223452762206,0.44650306495049263,842,83,189,46,70,16,2.6399815530370585,16.734428375217146,210470,224.46555819477436,54.63182897862233,843.3734939759036,192.77108433734938,3,763.559783675315,254.51992789177166,635.7082656905202,3,264.2116196498086,88.07053988326953,264.2116196498086,83,700.5768311666302,8.440684712850967,1.8072655479315436,0.6144578313253012,0.7228915662650602,325.0,70.0,2117.0,166.0,61.89358898018153,2.7996867681939,5.10115653553192,17.229927758136427,16.316791380052088,1.0559629866445852,0.08081618975630842,1.0,0.0,0.0,0.0,,,,0.3199261899174325,0.25315270430785547,0.3110010982020549,0.411588280426897,0.03185415656414535,0.46718793891971344,0.5689278046475741,0.11354078253413642,-0.7957399889837985,-0.15710925014810626,0.15243297163879047
7nmr,I 121,pdb_downloads/7NMR.cif,cif,,55,63,53.339,28.795,63.004,90.0,96.93,90.0,96060.66840171478,I 1 2 1,4,11024.721500000043,2.1783014745931313,0.4353398671642811,836,83,242,63,75,17,2.4444600630814075,16.731268090846587,220483,289.4736842105263,75.35885167464116,903.6144578313252,204.81927710843374,3,711.8921094850739,237.29736982835797,619.0823592269371,3,224.67836312826506,74.89278770942168,224.67836312826506,83,689.1127136962862,8.302562815617906,1.8290145595193987,0.6024096385542169,0.7349397590361446,330.0,67.0,2098.0,161.0,61.89358898018153,2.6994906825022293,5.112612200449636,19.3262529832771,20.416502384477827,0.9465995996439813,-0.08869962047116435,1.0,0.0,0.0,0.0,,,,0.0773312735570785,0.0011629658662951777,-0.25694648221778366,0.1893604606538854,-0.4514502864200935,0.46718793891971344,-0.6643236227513794,-0.1739568851122779,-0.47261881370805575,-0.020578428318141783,-0.13048318795307595
7nmt,I 121,pdb_downloads/7NMT.cif,cif,,55,63,55.542,28.683,62.473,90.0,98.466,90.0,98441.93547871157,I 1 2 1,4,11240.94230000005,2.1893612842117145,0.43819231258450575,852,86,213,46,80,16,2.6349189815928353,16.72603138506871,216958,250.0,53.990610328638496,930.232558139535,186.046511627907,3,773.915497089883,257.97183236329437,689.2696890987743,3,287.9498610115876,95.98328700386253,287.9498610115876,86,775.098268477033,9.338533355144977,1.376441349525469,0.6144578313253012,0.6987951807228916,339.0,66.75,2081.500000000001,163.50000000000009,62.44621031036172,2.7881438269931516,5.133764895279097,19.69296386442989,15.317895457964442,1.285618113693984,0.39947382816092114,0.9651162790697675,0.06976744186046512,0.06976744186046512,0.1111111111111111,,,,0.13931967252610888,0.06459945253989594,0.24557154094302813,1.8561597079861558,0.9984630425326186,0.0503225761525073,0.0845208737894275,-0.30099073825836853,-0.9897621648097983,0.09798781169208398,0.2246191775093659
7nmv,I 121,pdb_downloads/7NMV.cif,cif,,55,63,54.342,28.802,67.564,90.0,102.01,90.0,103433.66012824731,I 1 2 1,4,11058.830400000043,2.338259481044372,0.47396770547868083,838,83,184,41,81,16,2.0199901600879073,16.770401510411293,192392,219.57040572792363,48.92601431980907,975.9036144578313,192.77108433734938,3,740.9597593320268,246.98658644400894,658.0859955818123,3,271.82242467217407,90.60747489072469,271.82242467217407,83,708.1421336622243,8.53183293568945,1.8693370222863774,0.6024096385542169,0.7228915662650602,326.0,68.0,2078.0,164.0,61.89358898018153,2.7916412735163507,5.088772445295623,12.16874698845737,14.263416480335245,0.8531439157816247,-0.22364289555352215,1.0,0.0,0.0,0.0,,,,0.9167786599178004,0.9186447575537512,0.2653963302727361,0.5582389653896295,0.03185415656414535,0.46718793891971344,0.661792406922317,-0.5189540862879751,-0.8579461536158751,0.12313822623971556,0.2566131201875958
7nmy,I 121,pdb_downloads/7NMY.cif,cif,,55,63,51.706,27.691,64.521,90.0,101.244,90.0,90607.39710906985,I 1 2 1,4,12081.588980000055,1.8749064642710067,0.3439672733336895,853,83,268,55,103,18,1.890846533292439,16.73899907401874,235178,314.1852286049238,64.47831184056272,1240.9638554216867,216.86746987951807,3,777.3777064951722,259.1259021650574,655.1600953222849,3,262.93831842597683,87.64610614199228,262.93831842597683,83,663.2967739606747,7.991527397116563,1.4444814268757273,0.6144578313253012,0.7469879518072289,423.0,80.0,2387.0,182.0,64.1040743009023,2.342522389236612,5.019450385510268,20.1867228818227,20.482268737130727,0.9855706484910896,-0.02587221579208641,1.0,0.0,0.0,0.0,,,,-1.9083476674127207,-1.73904000261861,-2.2803716195099546,-0.31107230424731,-0.9347547294043279,-1.200273512149122,-1.133119591277512,-1.7839438239321983,-0.785332786943654,-2.0972840866791804,-1.417354012417459
7nn5,I 121,pdb_downloads/7NN5.cif,cif,,55,63,51.43,27.721,60.048,90.0,96.692,90.0,85026.62877646944,I 1 2 1,4,10916.717700000037,1.9471656021770434,0.36831258798697497,829,83,298,58,97,16,2.4597516872214715,16.723274031629167,247429,359.4692400482509,69.96381182147165,1168.6746987951806,192.77108433734938,3,692.1286803735311,230.70956012451038,568.7171173064316,3,215.38728372328325,71.79576124109441,215.38728372328325,83,638.3644097064368,7.691137466342613,1.330270364749455,0.6626506024096386,0.7349397590361446,413.0,73.0,2397.0,170.0,64.1040743009023,2.6405541369606116,5.0470273838406285,11.69061444753624,12.32067913658225,0.9488612046412898,-0.08617578339541178,1.0,0.0,0.0,0.0,,,,-1.379283354015419,-1.3245784524740085,-0.5910200960480699,-0.7943772742407447,-0.4514502864200935,-1.200273512149122,-1.9921902209600488,-1.4389466227565004,-0.3966790920389855,-2.169142413958109,-1.17379413250611
