pdb_id,group,residue,expected_contacts
1lds,C 121,0,26.0
1lds,C 121,1,3.0
1lds,C 121,2,19.0
1lds,C 121,3,6.0
1lds,C 121,4,7.0
1lds,C 121,11,1.0
1lds,C 121,12,19.0
1lds,C 121,13,24.0
1lds,C 121,14,2.0
1lds,C 121,15,13.0
1lds,C 121,16,1.0
1lds,C 121,18,3.0
1lds,C 121,19,1.0
1lds,C 121,33,6.0
1lds,C 121,43,1.0
1lds,C 121,44,9.0
1lds,C 121,54,1.0
1lds,C 121,56,10.0
1lds,C 121,59,17.0
1lds,C 121,62,2.0
1lds,C 121,71,2.0
2d4f,C 121,0,23.0
2d4f,C 121,1,3.0
2d4f,C 121,2,19.0
2d4f,C 121,3,2.0
2d4f,C 121,4,11.0
2d4f,C 121,11,1.0
2d4f,C 121,12,17.0
2d4f,C 121,13,22.0
2d4f,C 121,14,2.0
2d4f,C 121,15,12.0
2d4f,C 121,16,1.0
2d4f,C 121,18,3.0
2d4f,C 121,19,2.0
2d4f,C 121,33,6.0
2d4f,C 121,43,1.0
2d4f,C 121,44,12.0
2d4f,C 121,54,1.0
2d4f,C 121,56,10.0
2d4f,C 121,58,2.0
2d4f,C 121,59,16.0
2d4f,C 121,62,2.0
2d4f,C 121,71,3.0
2yxf,C 121,0,25.0
2yxf,C 121,1,3.0
2yxf,C 121,2,19.0
2yxf,C 121,3,2.0
2yxf,C 121,4,10.0
2yxf,C 121,11,1.0
2yxf,C 121,12,21.0
2yxf,C 121,13,23.0
2yxf,C 121,14,2.0
2yxf,C 121,15,12.0
2yxf,C 121,16,1.0
2yxf,C 121,18,3.0
2yxf,C 121,33,6.0
2yxf,C 121,43,1.0
2yxf,C 121,44,12.0
2yxf,C 121,54,1.0
2yxf,C 121,56,10.0
2yxf,C 121,58,7.0
2yxf,C 121,59,16.0
2yxf,C 121,62,2.0
2yxf,C 121,71,3.0
2yxf,C 121,73,1.0
3qda,C 121,0,26.44999995827675
3qda,C 121,1,3.0
3qda,C 121,2,20.0
3qda,C 121,3,2.0
3qda,C 121,4,10.0
3qda,C 121,12,15.0
3qda,C 121,13,20.0
3qda,C 121,14,2.0
3qda,C 121,15,12.0
3qda,C 121,16,1.0
3qda,C 121,17,4.0
3qda,C 121,18,2.0
3qda,C 121,19,6.0
3qda,C 121,20,3.0
3qda,C 121,26,7.0
3qda,C 121,33,6.0
3qda,C 121,43,0.5
3qda,C 121,44,4.0
3qda,C 121,54,1.0
3qda,C 121,56,9.0
3qda,C 121,58,2.8000000178813926
3qda,C 121,59,3.5999999463558217
3qda,C 121,60,11.40000011324882
3qda,C 121,62,2.0
3qda,C 121,65,3.0
3qda,C 121,71,10.0
3qda,C 121,72,7.0
3qda,C 121,100,23.0
4fxl,C 121,0,27.400000023841855
4fxl,C 121,1,3.0
4fxl,C 121,2,20.0
4fxl,C 121,3,2.0
4fxl,C 121,4,8.5
4fxl,C 121,10,4.0
4fxl,C 121,11,1.0
4fxl,C 121,12,23.0
4fxl,C 121,13,26.0
4fxl,C 121,14,2.0
4fxl,C 121,15,13.0
4fxl,C 121,16,2.0
4fxl,C 121,17,6.0
4fxl,C 121,18,2.0
4fxl,C 121,19,5.2000000119209275
4fxl,C 121,26,4.0
4fxl,C 121,33,7.0
4fxl,C 121,44,7.0
4fxl,C 121,47,1.0
4fxl,C 121,54,1.0
4fxl,C 121,56,12.0
4fxl,C 121,58,2.0
4fxl,C 121,59,17.0
4fxl,C 121,62,3.0
4fxl,C 121,63,1.0
4fxl,C 121,69,9.66666665562877
4fxl,C 121,70,4.0
4fxl,C 121,71,15.0
4fxl,C 121,73,5.0
4fxl,C 121,75,5.0
4fxl,C 121,76,4.0
4fxl,C 121,103,16.0
4rmu,C 121,0,24.0
4rmu,C 121,1,6.0
4rmu,C 121,2,19.0
4rmu,C 121,3,2.0
4rmu,C 121,4,7.000000029802322
4rmu,C 121,8,1.0
4rmu,C 121,10,5.0
4rmu,C 121,11,1.0
4rmu,C 121,12,18.0
4rmu,C 121,13,23.0
4rmu,C 121,14,2.0
4rmu,C 121,15,12.0
4rmu,C 121,16,1.0
4rmu,C 121,18,3.0
4rmu,C 121,26,3.0
4rmu,C 121,33,6.0
4rmu,C 121,41,1.0
4rmu,C 121,54,1.0
4rmu,C 121,56,11.0
4rmu,C 121,58,5.0
4rmu,C 121,59,10.72000002861023
4rmu,C 121,62,2.0
4rmu,C 121,71,11.0
4rmu,C 121,73,2.0
4rmu,C 121,75,6.0
4rmu,C 121,76,4.0
4rmu,C 121,101,7.0
4rmv,C 121,0,24.408399984699493
4rmv,C 121,1,3.0
4rmv,C 121,2,19.0
4rmv,C 121,3,4.200000047683716
4rmv,C 121,4,10.0
4rmv,C 121,10,4.0
4rmv,C 121,11,1.0
4rmv,C 121,12,15.0
4rmv,C 121,13,20.0
4rmv,C 121,14,2.0
4rmv,C 121,15,12.0
4rmv,C 121,16,3.3600000143051147
4rmv,C 121,17,5.2799999713897705
4rmv,C 121,18,1.0
4rmv,C 121,19,6.940000025629999
4rmv,C 121,20,1.0
4rmv,C 121,26,3.0
4rmv,C 121,33,6.0
4rmv,C 121,44,10.860000014305115
4rmv,C 121,54,1.3199999928474426
4rmv,C 121,56,9.0
4rmv,C 121,58,1.3600000143051147
4rmv,C 121,59,16.0
4rmv,C 121,62,2.0
4rmv,C 121,65,3.0
4rmv,C 121,69,10.000000059604645
4rmv,C 121,70,3.0
4rmv,C 121,71,10.0
4rmv,C 121,73,7.0
4rmv,C 121,75,4.0
4rmv,C 121,76,6.0
4rmv,C 121,102,25.0
4rmw,C 121,0,20.0799999833107
4rmw,C 121,1,4.110000014305115
4rmw,C 121,2,17.0
4rmw,C 121,3,2.0
4rmw,C 121,4,9.899999973177911
4rmw,C 121,11,1.640000034570695
4rmw,C 121,12,16.640000034570697
4rmw,C 121,13,19.820000017285345
4rmw,C 121,14,2.0
4rmw,C 121,15,13.019999980926514
4rmw,C 121,16,1.3977999779701236
4rmw,C 121,18,3.0
4rmw,C 121,19,5.019999980926514
4rmw,C 121,26,11.0
4rmw,C 121,28,2.0
4rmw,C 121,33,6.0
4rmw,C 121,41,5.0
4rmw,C 121,44,3.3000000715255737
4rmw,C 121,54,1.5099999904632568
4rmw,C 121,56,9.0
4rmw,C 121,59,2.8700000604987164
4rmw,C 121,60,4.71999993085861
4rmw,C 121,62,2.0
4rmw,C 121,69,9.0
4rmw,C 121,70,1.0
4rmw,C 121,71,6.700000047683716
4rmw,C 121,73,6.0
4rmw,C 121,75,16.0
4rmw,C 121,76,1.0
4rmw,C 121,96,4.0
4rmw,C 121,97,1.0
4rmw,C 121,98,10.0
4rmw,C 121,101,6.0
6m1b,C 121,0,21.0
6m1b,C 121,1,2.0
6m1b,C 121,2,18.0
6m1b,C 121,3,5.0
6m1b,C 121,4,8.0
6m1b,C 121,11,1.0
6m1b,C 121,12,24.0
6m1b,C 121,13,23.0
6m1b,C 121,14,2.0
6m1b,C 121,15,11.0
6m1b,C 121,16,2.0
6m1b,C 121,17,1.0
6m1b,C 121,18,2.0
6m1b,C 121,19,4.0
6m1b,C 121,20,4.0
6m1b,C 121,26,6.0
6m1b,C 121,33,6.0
6m1b,C 121,35,1.0
6m1b,C 121,36,1.0
6m1b,C 121,44,14.0
6m1b,C 121,52,6.0
6m1b,C 121,54,2.0
6m1b,C 121,56,8.0
6m1b,C 121,58,4.0
6m1b,C 121,59,17.0
6m1b,C 121,62,2.0
6m1b,C 121,63,1.0
6m1b,C 121,69,5.0
6m1b,C 121,71,10.0
6m1b,C 121,83,1.0
6m1b,C 121,84,7.0
6m1b,C 121,85,3.0
6m1b,C 121,102,1.0
6m1b,C 121,104,1.0
6m1b,C 121,105,2.0
4rmr,I 121,0,22.37999999523163
4rmr,I 121,1,4.0
4rmr,I 121,2,20.0
4rmr,I 121,3,2.0
4rmr,I 121,4,10.0
4rmr,I 121,8,1.0
4rmr,I 121,10,6.0
4rmr,I 121,13,10.0
4rmr,I 121,14,8.0
4rmr,I 121,19,4.0
4rmr,I 121,20,6.0
4rmr,I 121,26,2.0
4rmr,I 121,33,6.0
4rmr,I 121,40,1.0
4rmr,I 121,43,2.0
4rmr,I 121,44,22.0
4rmr,I 121,54,2.0
4rmr,I 121,56,6.400000023841859
4rmr,I 121,62,1.0
4rmr,I 121,101,6.0
4rms,I 121,0,20.5
4rms,I 121,1,3.0
4rms,I 121,2,19.0
4rms,I 121,3,3.0
4rms,I 121,4,10.0
4rms,I 121,10,3.0
4rms,I 121,11,1.0
4rms,I 121,12,20.0
4rms,I 121,13,21.0
4rms,I 121,14,2.0
4rms,I 121,15,12.0
4rms,I 121,16,1.0
4rms,I 121,18,3.0
4rms,I 121,19,2.0
4rms,I 121,26,2.0
4rms,I 121,33,6.0
4rms,I 121,43,1.0
4rms,I 121,44,10.0
4rms,I 121,54,1.0
4rms,I 121,56,11.0
4rms,I 121,58,2.0
4rms,I 121,59,15.0
4rms,I 121,62,2.0
4rms,I 121,63,2.0
4rms,I 121,69,2.0
4rms,I 121,71,7.0
4rms,I 121,73,1.0
4rms,I 121,101,12.0
4rmt,I 121,0,22.388800016593933
4rmt,I 121,1,3.0
4rmt,I 121,2,19.470000012815
4rmt,I 121,3,4.982500060871246
4rmt,I 121,4,5.403500020846723
4rmt,I 121,11,1.0
4rmt,I 121,12,16.0
4rmt,I 121,13,23.0
4rmt,I 121,14,2.0
4rmt,I 121,15,12.689999997615814
4rmt,I 121,16,1.8770999848812817
4rmt,I 121,18,3.0
4rmt,I 121,19,5.0
4rmt,I 121,26,13.0
4rmt,I 121,33,6.0
4rmt,I 121,43,1.0
4rmt,I 121,44,12.0
4rmt,I 121,54,1.3100000023841858
4rmt,I 121,56,12.0
4rmt,I 121,58,6.0
4rmt,I 121,59,11.32000004291534
4rmt,I 121,60,2.0
4rmt,I 121,62,2.0
4rmt,I 121,71,2.0
4rmt,I 121,73,1.0
4rmt,I 121,101,19.0
5cs7,I 121,0,18.0
5cs7,I 121,1,3.0
5cs7,I 121,2,18.0
5cs7,I 121,3,2.0
5cs7,I 121,4,9.0
5cs7,I 121,12,16.0
5cs7,I 121,13,18.0
5cs7,I 121,14,2.0
5cs7,I 121,15,9.0
5cs7,I 121,16,1.0
5cs7,I 121,33,6.0
5cs7,I 121,54,1.0
5cs7,I 121,56,6.0
5cs7,I 121,58,1.0
5cs7,I 121,59,10.0
5cs7,I 121,62,1.0
5cs7,I 121,69,3.0
5cs7,I 121,70,2.0
5cs7,I 121,71,4.0
5csb,I 121,0,17.12999999523163
5csb,I 121,1,3.9010000081956373
5csb,I 121,2,14.0
5csb,I 121,3,2.5891000118494034
5csb,I 121,4,9.689999997615814
5csb,I 121,12,13.0
5csb,I 121,13,17.0
5csb,I 121,15,10.370000004768372
5csb,I 121,19,8.0
5csb,I 121,33,6.0
5csb,I 121,36,1.6299999952316284
5csb,I 121,54,1.3700000047683716
5csb,I 121,56,7.0
5csb,I 121,59,8.889999985694885
5csb,I 121,62,1.0
5csb,I 121,71,8.0
5csb,I 121,73,1.0
5csb,I 121,75,13.0
5csb,I 121,76,3.0
5csg,I 121,0,17.249599989151964
5csg,I 121,1,3.0
5csg,I 121,2,19.0
5csg,I 121,3,2.759999990463257
5csg,I 121,4,8.240000009536743
5csg,I 121,11,1.0
5csg,I 121,12,18.0
5csg,I 121,13,21.0
5csg,I 121,14,2.0
5csg,I 121,15,13.0
5csg,I 121,16,3.0
5csg,I 121,18,3.0
5csg,I 121,19,5.0
5csg,I 121,33,6.0
5csg,I 121,41,4.0
5csg,I 121,48,4.0
5csg,I 121,54,1.0
5csg,I 121,56,12.0
5csg,I 121,58,7.0
5csg,I 121,59,11.559999942779541
5csg,I 121,62,2.0
5csg,I 121,69,6.760000102519992
5csg,I 121,71,5.009999990165234
5csg,I 121,75,6.0
7nmc,I 121,0,24.0
7nmc,I 121,1,3.0
7nmc,I 121,2,19.0
7nmc,I 121,3,2.0
7nmc,I 121,4,10.0
7nmc,I 121,10,5.0
7nmc,I 121,11,1.0
7nmc,I 121,12,20.0
7nmc,I 121,13,23.0
7nmc,I 121,14,2.0
7nmc,I 121,15,13.0
7nmc,I 121,16,1.5
7nmc,I 121,17,1.0
7nmc,I 121,18,3.0
7nmc,I 121,19,3.0
7nmc,I 121,26,11.0
7nmc,I 121,33,6.0
7nmc,I 121,34,1.0
7nmc,I 121,35,3.0
7nmc,I 121,36,1.0
7nmc,I 121,44,15.0
7nmc,I 121,52,6.0
7nmc,I 121,54,2.0
7nmc,I 121,56,10.0
7nmc,I 121,58,9.0
7nmc,I 121,59,10.0
7nmc,I 121,62,3.0
7nmc,I 121,71,2.0
7nmc,I 121,73,1.0
7nmc,I 121,83,6.5
7nmc,I 121,84,3.0
7nmc,I 121,85,2.0
7nmc,I 121,101,34.0
7nmo,I 121,0,22.0
7nmo,I 121,1,4.0
7nmo,I 121,2,19.0
7nmo,I 121,3,2.0
7nmo,I 121,4,10.0
7nmo,I 121,11,1.0
7nmo,I 121,12,15.0
7nmo,I 121,13,23.0
7nmo,I 121,14,2.0
7nmo,I 121,15,13.0
7nmo,I 121,16,1.0
7nmo,I 121,18,3.0
7nmo,I 121,19,1.0
7nmo,I 121,33,6.0
7nmo,I 121,41,6.0
7nmo,I 121,44,6.0
7nmo,I 121,54,1.0
7nmo,I 121,56,9.0
7nmo,I 121,58,5.0
7nmo,I 121,59,11.0
7nmo,I 121,62,2.0
7nmo,I 121,69,8.0
7nmo,I 121,70,1.0
7nmo,I 121,71,3.0
7nmo,I 121,73,6.0
7nmo,I 121,75,9.0
7nmr,I 121,0,25.0
7nmr,I 121,1,3.0
7nmr,I 121,2,24.0
7nmr,I 121,3,2.0
7nmr,I 121,4,11.0
7nmr,I 121,11,1.0
7nmr,I 121,12,21.0
7nmr,I 121,13,21.0
7nmr,I 121,14,2.0
7nmr,I 121,15,12.0
7nmr,I 121,16,3.0
7nmr,I 121,17,6.0
7nmr,I 121,18,1.0
7nmr,I 121,19,8.0
7nmr,I 121,32,1.0
7nmr,I 121,33,6.0
7nmr,I 121,34,1.0
7nmr,I 121,35,3.0
7nmr,I 121,36,1.0
7nmr,I 121,44,11.0
7nmr,I 121,54,1.0
7nmr,I 121,56,9.0
7nmr,I 121,58,5.0
7nmr,I 121,59,14.0
7nmr,I 121,62,2.0
7nmr,I 121,69,8.0
7nmr,I 121,70,6.0
7nmr,I 121,71,13.0
7nmr,I 121,73,2.0
7nmr,I 121,75,1.0
7nmr,I 121,83,4.0
7nmr,I 121,84,3.0
7nmr,I 121,85,1.0
7nmr,I 121,96,6.0
7nmr,I 121,97,4.0
7nmt,I 121,0,21.0
7nmt,I 121,1,3.0
7nmt,I 121,2,20.0
7nmt,I 121,3,2.0
7nmt,I 121,4,11.0
7nmt,I 121,12,17.0
7nmt,I 121,13,21.0
7nmt,I 121,14,2.0
7nmt,I 121,15,12.799999988079072
7nmt,I 121,16,0.6000000059604643
7nmt,I 121,18,3.0
7nmt,I 121,19,3.0
7nmt,I 121,33,6.0
7nmt,I 121,41,5.0
7nmt,I 121,44,6.0
7nmt,I 121,54,1.3999999940395358
7nmt,I 121,56,9.0
7nmt,I 121,58,6.0
7nmt,I 121,60,19.0
7nmt,I 121,62,2.0
7nmt,I 121,69,7.0
7nmt,I 121,70,1.0
7nmt,I 121,71,8.0
7nmt,I 121,73,6.0
7nmt,I 121,75,6.0
7nmv,I 121,0,24.0
7nmv,I 121,1,3.0
7nmv,I 121,2,19.0
7nmv,I 121,3,2.0
7nmv,I 121,4,10.0
7nmv,I 121,11,1.0
7nmv,I 121,12,19.0
7nmv,I 121,13,23.0
7nmv,I 121,14,2.0
7nmv,I 121,15,12.0
7nmv,I 121,16,1.0
7nmv,I 121,17,5.0
7nmv,I 121,18,3.0
7nmv,I 121,19,5.0
7nmv,I 121,33,6.0
7nmv,I 121,44,6.0
7nmv,I 121,54,1.0
7nmv,I 121,56,12.0
7nmv,I 121,58,7.0
7nmv,I 121,59,13.0
7nmv,I 121,62,2.0
7nmv,I 121,71,7.0
7nmv,I 121,73,1.0
7nmy,I 121,0,35.0
7nmy,I 121,1,5.0
7nmy,I 121,2,26.0
7nmy,I 121,3,2.0
7nmy,I 121,4,11.0
7nmy,I 121,11,2.0
7nmy,I 121,12,24.0
7nmy,I 121,13,31.0
7nmy,I 121,14,2.0
7nmy,I 121,15,13.5
7nmy,I 121,16,2.0
7nmy,I 121,17,1.0
7nmy,I 121,18,3.0
7nmy,I 121,19,9.0
7nmy,I 121,20,2.0
7nmy,I 121,33,7.0
7nmy,I 121,43,6.0
7nmy,I 121,44,13.0
7nmy,I 121,54,1.5
7nmy,I 121,56,13.0
7nmy,I 121,58,8.0
7nmy,I 121,59,18.0
7nmy,I 121,62,4.0
7nmy,I 121,69,11.0
7nmy,I 121,71,3.0
7nmy,I 121,73,9.0
7nmy,I 121,75,1.0
7nn5,I 121,0,36.0
7nn5,I 121,1,5.0
7nn5,I 121,2,25.0
7nn5,I 121,3,4.0
7nn5,I 121,4,11.0
7nn5,I 121,11,2.0
7nn5,I 121,12,27.0
7nn5,I 121,13,29.0
7nn5,I 121,14,2.0
7nn5,I 121,15,14.0
7nn5,I 121,16,1.0
7nn5,I 121,17,6.0
7nn5,I 121,18,2.0
7nn5,I 121,19,15.0
7nn5,I 121,33,7.0
7nn5,I 121,41,6.0
7nn5,I 121,44,8.0
7nn5,I 121,54,1.0
7nn5,I 121,56,13.0
7nn5,I 121,59,20.0
7nn5,I 121,62,4.0
7nn5,I 121,69,10.0
7nn5,I 121,70,4.0
7nn5,I 121,71,22.0
7nn5,I 121,72,1.0
7nn5,I 121,73,13.0
7nn5,I 121,76,5.0
7nn5,I 121,78,5.0
