pdb_id,group,residue,expected_sasa
1lds,C 121,0,205.85257455169048
1lds,C 121,1,56.07126054239554
1lds,C 121,2,86.440224834129
1lds,C 121,3,126.442084089075
1lds,C 121,4,75.7762028981966
1lds,C 121,5,3.7198721550346754
1lds,C 121,6,130.0705810141956
1lds,C 121,7,19.708099144002098
1lds,C 121,8,69.73405470088322
1lds,C 121,9,19.23322857918892
1lds,C 121,10,55.585415935459345
1lds,C 121,11,31.264413973131724
1lds,C 121,12,141.51669359688572
1lds,C 121,13,105.74055391354632
1lds,C 121,14,49.80024898748648
1lds,C 121,15,108.43038306037683
1lds,C 121,16,180.79973615525464
1lds,C 121,17,75.11356815005591
1lds,C 121,18,46.28311429664926
1lds,C 121,19,202.3225612849827
1lds,C 121,20,18.176897427304876
1lds,C 121,21,22.033870140640794
1lds,C 121,22,39.888193623413024
1lds,C 121,23,0.05795677902581063
1lds,C 121,24,7.625487754885158
1lds,C 121,25,0.0
1lds,C 121,26,69.53780691931506
1lds,C 121,27,0.0
1lds,C 121,28,13.943307335819728
1lds,C 121,29,25.141450213555977
1lds,C 121,30,0.0
1lds,C 121,31,40.15376701438698
1lds,C 121,32,40.09680369875254
1lds,C 121,33,42.881477089754455
1lds,C 121,34,104.1055153123327
1lds,C 121,35,50.78465392941189
1lds,C 121,36,99.93572095294587
1lds,C 121,37,16.292660811999475
1lds,C 121,38,7.725237868508249
1lds,C 121,39,0.0
1lds,C 121,40,8.038581940160679
1lds,C 121,41,86.20878916656983
1lds,C 121,42,65.94535901047976
1lds,C 121,43,52.976895272083304
1lds,C 121,44,127.88219835728277
1lds,C 121,45,110.41600595196374
1lds,C 121,46,32.836028152270686
1lds,C 121,47,136.48793547855524
1lds,C 121,48,142.04282589603073
1lds,C 121,49,27.486404763144186
1lds,C 121,50,98.2116948578208
1lds,C 121,51,69.81149940995823
1lds,C 121,52,70.07078858718671
1lds,C 121,53,76.50978599100563
1lds,C 121,54,100.49756523919913
1lds,C 121,55,62.39900847361696
1lds,C 121,56,120.76095675890308
1lds,C 121,57,71.0342710412602
1lds,C 121,58,129.72609017883758
1lds,C 121,59,110.79859836100215
1lds,C 121,60,128.8317884589339
1lds,C 121,61,15.180931551830643
1lds,C 121,62,33.81578331749294
1lds,C 121,63,58.0091927022468
1lds,C 121,64,14.306178578249341
1lds,C 121,65,50.74223361598351
1lds,C 121,66,26.195402045605228
1lds,C 121,67,47.27476088827113
1lds,C 121,68,4.966935853337611
1lds,C 121,69,94.8140259482621
1lds,C 121,70,20.019627621712644
1lds,C 121,71,115.42841451846797
1lds,C 121,72,37.57826689138171
1lds,C 121,73,52.30415489129607
1lds,C 121,74,174.59880383546158
1lds,C 121,75,165.68774636948785
1lds,C 121,76,30.736678574684333
1lds,C 121,77,104.06524067662684
1lds,C 121,78,8.24084456547484
1lds,C 121,79,8.804409353251573
1lds,C 121,80,0.0
1lds,C 121,81,66.5012245906064
1lds,C 121,82,0.05172552143013867
1lds,C 121,83,41.99833475382571
1lds,C 121,84,6.1776445644796265
1lds,C 121,85,97.4285428408471
1lds,C 121,86,40.36563819002253
1lds,C 121,87,16.270416966351217
1lds,C 121,88,107.33219418931048
1lds,C 121,89,132.14971555027265
1lds,C 121,90,60.59778904368504
1lds,C 121,91,78.44447987512703
1lds,C 121,92,94.3601178179546
1lds,C 121,93,40.592688228527166
1lds,C 121,94,151.0841985809514
1lds,C 121,95,66.7784864370372
1lds,C 121,96,166.36477805063387
1lds,C 121,100,29.430865901763188
2d4f,C 121,0,207.1654745808707
2d4f,C 121,1,65.91581714237165
2d4f,C 121,2,96.93698003780175
2d4f,C 121,3,104.17910936709966
2d4f,C 121,4,76.1577229278107
2d4f,C 121,5,6.229574163892298
2d4f,C 121,6,130.2323387847488
2d4f,C 121,7,16.10969341198465
2d4f,C 121,8,72.98908333237925
2d4f,C 121,9,19.05978645317862
2d4f,C 121,10,45.255396885748866
2d4f,C 121,11,24.82124468445003
2d4f,C 121,12,138.5689204877025
2d4f,C 121,13,104.34650955536938
2d4f,C 121,14,52.66797633299039
2d4f,C 121,15,109.83785033314548
2d4f,C 121,16,181.55806874478642
2d4f,C 121,17,77.77455700892983
2d4f,C 121,18,46.38285203910065
2d4f,C 121,19,200.76041797264008
2d4f,C 121,20,13.819241832251837
2d4f,C 121,21,21.454505328342698
2d4f,C 121,22,32.046776068414346
2d4f,C 121,23,0.06440291559554198
2d4f,C 121,24,8.574399634306097
2d4f,C 121,25,0.0
2d4f,C 121,26,69.7944830993519
2d4f,C 121,27,0.0
2d4f,C 121,28,12.321714549770185
2d4f,C 121,29,21.32010539066093
2d4f,C 121,30,0.0
2d4f,C 121,31,40.871130818265044
2d4f,C 121,32,37.295878251880126
2d4f,C 121,33,42.24715663012471
2d4f,C 121,34,100.87847435160683
2d4f,C 121,35,52.341882701701316
2d4f,C 121,36,98.55447134102636
2d4f,C 121,37,15.665747270547573
2d4f,C 121,38,6.490628638159933
2d4f,C 121,39,0.0
2d4f,C 121,40,8.355030499994223
2d4f,C 121,41,83.82136063650745
2d4f,C 121,42,69.7061698398252
2d4f,C 121,43,54.28523812141559
2d4f,C 121,44,131.1903224962614
2d4f,C 121,45,131.17013436561666
2d4f,C 121,46,34.136732238905054
2d4f,C 121,47,151.651257645666
2d4f,C 121,48,162.27965826354585
2d4f,C 121,49,27.247981320919273
2d4f,C 121,50,81.73793732286389
2d4f,C 121,51,62.6628087396354
2d4f,C 121,52,71.16196230231917
2d4f,C 121,53,78.27892114200489
2d4f,C 121,54,101.78492047434936
2d4f,C 121,55,62.306059688229794
2d4f,C 121,56,121.71601527941775
2d4f,C 121,57,70.59246160812597
2d4f,C 121,58,131.30841599312083
2d4f,C 121,59,109.94175475368371
2d4f,C 121,60,108.12088757391692
2d4f,C 121,61,9.396283897206185
2d4f,C 121,62,32.743652372738964
2d4f,C 121,63,58.51271793079025
2d4f,C 121,64,11.700917682690754
2d4f,C 121,65,48.56015659038733
2d4f,C 121,66,25.121646879422542
2d4f,C 121,67,46.82667258291644
2d4f,C 121,68,3.8889564741208726
2d4f,C 121,69,90.43071257855422
2d4f,C 121,70,18.71808000953427
2d4f,C 121,71,115.71007039841614
2d4f,C 121,72,37.91537132281378
2d4f,C 121,73,61.50959957797415
2d4f,C 121,74,178.45114051340374
2d4f,C 121,75,174.2266964122028
2d4f,C 121,76,22.213588860620302
2d4f,C 121,77,96.64489866325405
2d4f,C 121,78,6.595205173240128
2d4f,C 121,79,9.142686334092772
2d4f,C 121,80,0.0
2d4f,C 121,81,64.86363255799597
2d4f,C 121,82,0.0
2d4f,C 121,83,37.278311154653295
2d4f,C 121,84,7.03415827605949
2d4f,C 121,85,100.1739174257319
2d4f,C 121,86,37.23513724073314
2d4f,C 121,87,21.179544507205488
2d4f,C 121,88,107.32419587916617
2d4f,C 121,89,132.71945783333496
2d4f,C 121,90,62.633020137367
2d4f,C 121,91,85.23357947310151
2d4f,C 121,92,94.54443167687728
2d4f,C 121,93,32.00215777899399
2d4f,C 121,94,146.58335958478642
2d4f,C 121,95,27.93598331326277
2d4f,C 121,96,98.95585260452492
2d4f,C 121,97,189.3877981317285
2d4f,C 121,101,29.51727468722867
2yxf,C 121,0,204.4874364057313
2yxf,C 121,1,79.83780255306056
2yxf,C 121,2,96.77247784359426
2yxf,C 121,3,69.25814393386992
2yxf,C 121,4,75.85237264316952
2yxf,C 121,5,6.229906271859787
2yxf,C 121,6,127.65050791470935
2yxf,C 121,7,19.845516798369438
2yxf,C 121,8,72.08885544146801
2yxf,C 121,9,21.29566961431608
2yxf,C 121,10,54.804389442866906
2yxf,C 121,11,31.549431799449124
2yxf,C 121,12,140.53673976646286
2yxf,C 121,13,104.52302419036303
2yxf,C 121,14,35.746368821367085
2yxf,C 121,15,106.66607579977753
2yxf,C 121,16,157.55839606533698
2yxf,C 121,17,79.31362905683741
2yxf,C 121,18,44.37987538470665
2yxf,C 121,19,201.91487694117615
2yxf,C 121,20,14.181556346418867
2yxf,C 121,21,20.903921382402107
2yxf,C 121,22,34.33694330364397
2yxf,C 121,23,0.01785748884591929
2yxf,C 121,24,8.78714487860268
2yxf,C 121,25,0.0
2yxf,C 121,26,68.61355376958491
2yxf,C 121,27,0.0
2yxf,C 121,28,14.005917611124577
2yxf,C 121,29,15.708076672613988
2yxf,C 121,30,0.0
2yxf,C 121,31,41.10471011490276
2yxf,C 121,32,37.90102189543483
2yxf,C 121,33,42.492052836256384
2yxf,C 121,34,100.8896013697325
2yxf,C 121,35,51.405962486920856
2yxf,C 121,36,97.00741931864509
2yxf,C 121,37,15.84005430565417
2yxf,C 121,38,6.9668351986342945
2yxf,C 121,39,0.0
2yxf,C 121,40,7.408004186492306
2yxf,C 121,41,86.16032595416144
2yxf,C 121,42,70.45464994803197
2yxf,C 121,43,53.72176346842042
2yxf,C 121,44,127.06947398797544
2yxf,C 121,45,124.4358969895215
2yxf,C 121,46,34.05720556373382
2yxf,C 121,47,147.89963840008076
2yxf,C 121,48,143.95386074705067
2yxf,C 121,49,27.76928754825956
2yxf,C 121,50,74.41698876720372
2yxf,C 121,51,70.06575716385451
2yxf,C 121,52,69.52415729758965
2yxf,C 121,53,76.23591630511748
2yxf,C 121,54,100.06260411433172
2yxf,C 121,55,62.187329012456416
2yxf,C 121,56,120.88752795690102
2yxf,C 121,57,70.31889151394579
2yxf,C 121,58,127.1737057559572
2yxf,C 121,59,108.90364486280652
2yxf,C 121,60,116.5847581948535
2yxf,C 121,61,4.98181179598036
2yxf,C 121,62,32.00340481453043
2yxf,C 121,63,56.163311338826475
2yxf,C 121,64,13.218787520309514
2yxf,C 121,65,49.33528716945329
2yxf,C 121,66,26.248073717759638
2yxf,C 121,67,48.30432499793353
2yxf,C 121,68,3.078185200183326
2yxf,C 121,69,85.02850904189651
2yxf,C 121,70,18.045429996222232
2yxf,C 121,71,113.01521991009119
2yxf,C 121,72,35.21794171345882
2yxf,C 121,73,53.5508651868779
2yxf,C 121,74,154.48719998999013
2yxf,C 121,75,174.10075564115198
2yxf,C 121,76,24.43630588244808
2yxf,C 121,77,98.11378857084839
2yxf,C 121,78,7.818772682711636
2yxf,C 121,79,8.708579894493758
2yxf,C 121,80,0.0
2yxf,C 121,81,63.12743712913097
2yxf,C 121,82,0.0
2yxf,C 121,83,45.373951981585336
2yxf,C 121,84,12.804800805093805
2yxf,C 121,85,106.42087433938728
2yxf,C 121,86,37.66217413685614
2yxf,C 121,87,31.93616111318022
2yxf,C 121,88,123.25131337746899
2yxf,C 121,89,140.40141704399272
2yxf,C 121,90,72.00779615777496
2yxf,C 121,91,92.99134135042648
2yxf,C 121,92,92.16473650136916
2yxf,C 121,93,34.1280611059224
2yxf,C 121,94,147.1816722263359
2yxf,C 121,95,21.83186172135335
2yxf,C 121,96,103.78199220123537
2yxf,C 121,97,81.7414000887818
2yxf,C 121,98,172.094189143274
3qda,C 121,0,217.02959108557235
3qda,C 121,1,69.50721157410995
3qda,C 121,2,104.85059130842959
3qda,C 121,3,102.49699077788698
3qda,C 121,4,73.13324107095528
3qda,C 121,5,4.410030499817937
3qda,C 121,6,128.05885414091705
3qda,C 121,7,19.564002739629885
3qda,C 121,8,61.05386733913795
3qda,C 121,9,9.840867412168722
3qda,C 121,10,9.545806923317175
3qda,C 121,11,25.669469985985433
3qda,C 121,12,122.33265475189656
3qda,C 121,13,109.52919803775897
3qda,C 121,14,38.799571741722204
3qda,C 121,15,108.96767046192434
3qda,C 121,16,187.65407844911192
3qda,C 121,17,86.36743097539369
3qda,C 121,18,44.77240268724002
3qda,C 121,19,206.50744544488728
3qda,C 121,20,10.148940190155065
3qda,C 121,21,19.886020539521716
3qda,C 121,22,31.865793495894934
3qda,C 121,23,0.0
3qda,C 121,24,8.74258955811364
3qda,C 121,25,0.0
3qda,C 121,26,44.21477180017341
3qda,C 121,27,0.0
3qda,C 121,28,12.40275124034448
3qda,C 121,29,20.46394827141071
3qda,C 121,30,0.0
3qda,C 121,31,34.685211581269996
3qda,C 121,32,40.69423562784223
3qda,C 121,33,43.72146392333329
3qda,C 121,34,100.16817416857072
3qda,C 121,35,51.597922433771636
3qda,C 121,36,104.65689743768914
3qda,C 121,37,16.649338313234153
3qda,C 121,38,7.906777209341215
3qda,C 121,39,0.0
3qda,C 121,40,6.171171506844891
3qda,C 121,41,90.23294727824279
3qda,C 121,42,71.27639416310377
3qda,C 121,43,56.60736175072702
3qda,C 121,44,131.0125108498164
3qda,C 121,45,127.3694933400855
3qda,C 121,46,33.753363001200505
3qda,C 121,47,147.89009279276723
3qda,C 121,48,160.27884165102458
3qda,C 121,49,27.408228689062348
3qda,C 121,50,74.5616470340874
3qda,C 121,51,69.00697759221617
3qda,C 121,52,71.07076381075055
3qda,C 121,53,76.0512749394784
3qda,C 121,54,102.03728465016388
3qda,C 121,55,62.950267363406404
3qda,C 121,56,126.85926854165305
3qda,C 121,57,48.184656463859746
3qda,C 121,58,207.93428733807386
3qda,C 121,59,70.74197306694376
3qda,C 121,60,200.36271419035404
3qda,C 121,61,6.5451200530339015
3qda,C 121,62,34.81330397254905
3qda,C 121,63,61.26424437472233
3qda,C 121,64,12.878327084327681
3qda,C 121,65,12.058019272925739
3qda,C 121,66,28.179832498800973
3qda,C 121,67,44.404919817037396
3qda,C 121,68,2.519643928562129
3qda,C 121,69,88.49142780228945
3qda,C 121,70,15.224961332124417
3qda,C 121,71,110.30536749344263
3qda,C 121,72,60.328553628550246
3qda,C 121,73,77.10594132550798
3qda,C 121,74,167.974481649102
3qda,C 121,75,183.4870838392739
3qda,C 121,76,42.29363804042303
3qda,C 121,77,107.91548140433407
3qda,C 121,78,11.950266798986453
3qda,C 121,79,8.782694871062846
3qda,C 121,80,0.0
3qda,C 121,81,69.24157029314757
3qda,C 121,82,0.0
3qda,C 121,83,53.15047742489359
3qda,C 121,84,10.498548857049009
3qda,C 121,85,105.96773701856907
3qda,C 121,86,39.14605706436937
3qda,C 121,87,27.84918605923713
3qda,C 121,88,128.3200973845332
3qda,C 121,89,131.71222752642643
3qda,C 121,90,63.563613741092645
3qda,C 121,91,96.78656038152256
3qda,C 121,92,93.43435136106137
3qda,C 121,93,34.74604637248785
3qda,C 121,94,127.23619633180807
3qda,C 121,95,31.577763177177772
3qda,C 121,96,88.3690313645345
3qda,C 121,97,212.67568438537327
3qda,C 121,98,135.71702101861575
3qda,C 121,99,102.37844237558238
3qda,C 121,100,192.3113947088053
4fxl,C 121,0,204.29118178461627
4fxl,C 121,1,77.5534472473216
4fxl,C 121,2,92.44945526901999
4fxl,C 121,3,86.5896514462535
4fxl,C 121,4,69.47427115096079
4fxl,C 121,5,4.085650517810362
4fxl,C 121,6,119.9445687348243
4fxl,C 121,7,19.85673308902618
4fxl,C 121,8,36.96734782684765
4fxl,C 121,9,0.8974477494472595
4fxl,C 121,10,18.706982353735377
4fxl,C 121,11,20.751847062722867
4fxl,C 121,12,111.36271030173786
4fxl,C 121,13,105.37306513254048
4fxl,C 121,14,42.964000261860285
4fxl,C 121,15,110.86414921916482
4fxl,C 121,16,179.88205349875335
4fxl,C 121,17,67.68554865361251
4fxl,C 121,18,41.732265050210536
4fxl,C 121,19,217.91920783932255
4fxl,C 121,20,18.75056928286968
4fxl,C 121,21,17.43989878783228
4fxl,C 121,22,28.580719679298873
4fxl,C 121,23,0.0
4fxl,C 121,24,6.281127489237179
4fxl,C 121,25,0.0
4fxl,C 121,26,15.01765447477703
4fxl,C 121,27,0.0
4fxl,C 121,28,12.106672418072472
4fxl,C 121,29,10.316696510164784
4fxl,C 121,30,0.0
4fxl,C 121,31,39.28503342363959
4fxl,C 121,32,36.166659953314365
4fxl,C 121,33,41.420254055518235
4fxl,C 121,34,98.72496531418228
4fxl,C 121,35,49.30772523097505
4fxl,C 121,36,91.27587898404786
4fxl,C 121,37,14.407138216820947
4fxl,C 121,38,5.1673013058138295
4fxl,C 121,39,0.0
4fxl,C 121,40,3.498178547419537
4fxl,C 121,41,90.10261836908401
4fxl,C 121,42,74.003207226386
4fxl,C 121,43,42.6239346063408
4fxl,C 121,44,122.10878547709237
4fxl,C 121,45,113.73532997117584
4fxl,C 121,46,35.68732813092134
4fxl,C 121,47,145.69093720652626
4fxl,C 121,48,143.27299023131667
4fxl,C 121,49,26.73334597189177
4fxl,C 121,50,65.6410656915648
4fxl,C 121,51,66.58833429168043
4fxl,C 121,52,68.99616343576196
4fxl,C 121,53,71.8763319837744
4fxl,C 121,54,98.95983907318231
4fxl,C 121,55,60.4461017873483
4fxl,C 121,56,117.92058676215858
4fxl,C 121,57,66.53023679280646
4fxl,C 121,58,135.25126826905014
4fxl,C 121,59,105.50381054018068
4fxl,C 121,60,119.47418421462959
4fxl,C 121,61,3.363682077709937
4fxl,C 121,62,30.156910475132005
4fxl,C 121,63,51.225132491681165
4fxl,C 121,64,12.1451378439325
4fxl,C 121,65,23.633702541003068
4fxl,C 121,66,24.864462898230446
4fxl,C 121,67,39.75302120094267
4fxl,C 121,68,1.7801030413944623
4fxl,C 121,69,100.0013122214592
4fxl,C 121,70,23.526011478863786
4fxl,C 121,71,116.88823134661355
4fxl,C 121,72,32.98375894062264
4fxl,C 121,73,61.5483427988721
4fxl,C 121,74,158.1790752764829
4fxl,C 121,75,189.42868296161345
4fxl,C 121,76,29.60395701839611
4fxl,C 121,77,71.56752471947027
4fxl,C 121,78,5.340555179546986
4fxl,C 121,79,1.7784183754606318
4fxl,C 121,80,0.0
4fxl,C 121,81,55.252585862842494
4fxl,C 121,82,0.0
4fxl,C 121,83,32.63947990076075
4fxl,C 121,84,9.366301239030964
4fxl,C 121,85,103.2736973832837
4fxl,C 121,86,37.752304220696146
4fxl,C 121,87,20.372674750816458
4fxl,C 121,88,106.14167875214913
4fxl,C 121,89,131.06750550909732
4fxl,C 121,90,65.20641000865416
4fxl,C 121,91,92.14018903267728
4fxl,C 121,92,93.62947835769793
4fxl,C 121,93,34.07121604274826
4fxl,C 121,94,125.01928120586733
4fxl,C 121,95,19.031340509073154
4fxl,C 121,96,55.730383221303
4fxl,C 121,97,90.54597388195279
4fxl,C 121,98,145.36611017759526
4fxl,C 121,99,86.6611419330878
4fxl,C 121,101,13.840568824745592
4fxl,C 121,102,27.258389456502965
4fxl,C 121,103,166.26517820796474
4rmu,C 121,0,206.31639873336053
4rmu,C 121,1,81.58871209750976
4rmu,C 121,2,95.49311858914038
4rmu,C 121,3,64.23046791555474
4rmu,C 121,4,75.85011115451825
4rmu,C 121,5,7.239353149984639
4rmu,C 121,6,110.6887097895684
4rmu,C 121,7,19.93477312587949
4rmu,C 121,8,69.4865621863433
4rmu,C 121,9,13.394778967966404
4rmu,C 121,10,31.122085121422757
4rmu,C 121,11,19.799878711925682
4rmu,C 121,12,135.12975609138996
4rmu,C 121,13,103.34667411297079
4rmu,C 121,14,36.62351367442053
4rmu,C 121,15,105.57585567700518
4rmu,C 121,16,158.6994673200528
4rmu,C 121,17,84.07470134656035
4rmu,C 121,18,42.81716313601477
4rmu,C 121,19,197.12321216085675
4rmu,C 121,20,11.992939533992503
4rmu,C 121,21,22.924869951736206
4rmu,C 121,22,34.940176357342146
4rmu,C 121,23,0.15938140101918935
4rmu,C 121,24,8.401765250194742
4rmu,C 121,25,0.0
4rmu,C 121,26,13.76626940013808
4rmu,C 121,27,0.0
4rmu,C 121,28,5.048688720110984
4rmu,C 121,29,16.446503937583497
4rmu,C 121,30,0.0
4rmu,C 121,31,39.24288513474417
4rmu,C 121,32,38.66106250247531
4rmu,C 121,33,43.14082594346006
4rmu,C 121,34,100.47897306884448
4rmu,C 121,35,52.379009942988425
4rmu,C 121,36,97.7856703320579
4rmu,C 121,37,15.704775650390928
4rmu,C 121,38,6.367871958114834
4rmu,C 121,39,0.0
4rmu,C 121,40,5.785369020786997
4rmu,C 121,41,84.98983335476086
4rmu,C 121,42,88.14149296427027
4rmu,C 121,43,54.837096583366346
4rmu,C 121,44,124.39006090836688
4rmu,C 121,45,121.69192153993049
4rmu,C 121,46,36.7305686751226
4rmu,C 121,47,150.09105425111005
4rmu,C 121,48,144.00524105928628
4rmu,C 121,49,25.573289572610918
4rmu,C 121,50,116.01444497776558
4rmu,C 121,51,69.04657099848696
4rmu,C 121,52,69.7258741011984
4rmu,C 121,53,76.73582793396089
4rmu,C 121,54,101.03851895682881
4rmu,C 121,55,63.64798796240937
4rmu,C 121,56,121.58076282459369
4rmu,C 121,57,67.28256392019918
4rmu,C 121,58,133.67489787946664
4rmu,C 121,59,109.0111366778813
4rmu,C 121,60,116.48799852553815
4rmu,C 121,61,4.820311555044134
4rmu,C 121,62,31.729149247556037
4rmu,C 121,63,49.244838248544525
4rmu,C 121,64,13.117479290913709
4rmu,C 121,65,39.129108949473405
4rmu,C 121,66,26.24754809800396
4rmu,C 121,67,46.36279104200806
4rmu,C 121,68,4.795135851239985
4rmu,C 121,69,98.83813172393086
4rmu,C 121,70,18.278109237704935
4rmu,C 121,71,113.73014184017573
4rmu,C 121,72,37.927105428916555
4rmu,C 121,73,65.89240562908294
4rmu,C 121,74,135.8832159388112
4rmu,C 121,75,188.48303391925646
4rmu,C 121,76,37.0314188379371
4rmu,C 121,77,94.85773326935033
4rmu,C 121,78,9.073233717143365
4rmu,C 121,79,6.810445457651763
4rmu,C 121,80,0.0
4rmu,C 121,81,62.26278434446521
4rmu,C 121,82,0.0
4rmu,C 121,83,44.18185224124682
4rmu,C 121,84,13.336973361173673
4rmu,C 121,85,105.73210842163253
4rmu,C 121,86,39.34101600080057
4rmu,C 121,87,33.633578000707296
4rmu,C 121,88,127.09744438734081
4rmu,C 121,89,140.13439255552709
4rmu,C 121,90,65.3076584863373
4rmu,C 121,91,91.87434764843982
4rmu,C 121,92,92.74325320273064
4rmu,C 121,93,34.025222821376744
4rmu,C 121,94,133.56629381448673
4rmu,C 121,95,29.935390570284135
4rmu,C 121,96,82.23882405320356
4rmu,C 121,97,143.58766162135524
4rmu,C 121,98,129.18754910583652
4rmu,C 121,99,117.83809647482553
4rmu,C 121,101,189.87911632940637
4rmv,C 121,0,205.99655716976912
4rmv,C 121,1,62.69224908520336
4rmv,C 121,2,101.97557824490764
4rmv,C 121,3,115.42962763530309
4rmv,C 121,4,75.99900664012206
4rmv,C 121,5,7.467427299768868
4rmv,C 121,6,125.25520577996758
4rmv,C 121,7,21.771924310206483
4rmv,C 121,8,69.57446719290367
4rmv,C 121,9,4.824595560578637
4rmv,C 121,10,21.95662723932393
4rmv,C 121,11,19.476776889830735
4rmv,C 121,12,127.1915827634923
4rmv,C 121,13,104.66508223234092
4rmv,C 121,14,46.564174860141534
4rmv,C 121,15,106.4148559860366
4rmv,C 121,16,173.37239990581966
4rmv,C 121,17,78.32950173827602
4rmv,C 121,18,49.181713130556076
4rmv,C 121,19,208.7177203526071
4rmv,C 121,20,16.461405713037
4rmv,C 121,21,17.63731973349268
4rmv,C 121,22,31.87804665019226
4rmv,C 121,23,0.014077118265049655
4rmv,C 121,24,8.732541029758066
4rmv,C 121,25,0.0
4rmv,C 121,26,19.850690674020843
4rmv,C 121,27,0.0
4rmv,C 121,28,13.278991299392716
4rmv,C 121,29,15.982588161202075
4rmv,C 121,30,0.0
4rmv,C 121,31,39.137607329070754
4rmv,C 121,32,40.598572559970904
4rmv,C 121,33,43.52666609866675
4rmv,C 121,34,87.55218770694789
4rmv,C 121,35,44.019170294707415
4rmv,C 121,36,84.13425453589542
4rmv,C 121,37,16.385904862574282
4rmv,C 121,38,4.796272979501381
4rmv,C 121,39,0.008011138907610113
4rmv,C 121,40,3.1957718664028496
4rmv,C 121,41,84.75798879461433
4rmv,C 121,42,81.54783225244564
4rmv,C 121,43,44.911131915994694
4rmv,C 121,44,127.65177896203028
4rmv,C 121,45,125.50374661269392
4rmv,C 121,46,38.480005109629985
4rmv,C 121,47,131.29922060087083
4rmv,C 121,48,159.88080565373878
4rmv,C 121,49,25.576547046727697
4rmv,C 121,50,75.96143616322759
4rmv,C 121,51,59.46730817229775
4rmv,C 121,52,70.66417984597766
4rmv,C 121,53,74.95369720916106
4rmv,C 121,54,102.94582866974726
4rmv,C 121,55,63.74264497871573
4rmv,C 121,56,121.12725037248852
4rmv,C 121,57,67.35107826013073
4rmv,C 121,58,132.0082353076318
4rmv,C 121,59,105.02054519587917
4rmv,C 121,60,120.0003759221555
4rmv,C 121,61,2.7934688176201683
4rmv,C 121,62,32.29122643001033
4rmv,C 121,63,56.0279709547665
4rmv,C 121,64,12.761075034662678
4rmv,C 121,65,19.37139279641927
4rmv,C 121,66,23.13759487610419
4rmv,C 121,67,44.33121542126387
4rmv,C 121,68,4.590247045457148
4rmv,C 121,69,98.19632429528836
4rmv,C 121,70,25.55306655042265
4rmv,C 121,71,118.32211551268848
4rmv,C 121,72,36.111603997010214
4rmv,C 121,73,62.74057113481694
4rmv,C 121,74,162.51632566800237
4rmv,C 121,75,177.95243660213052
4rmv,C 121,76,56.14195650806631
4rmv,C 121,77,77.22120816827011
4rmv,C 121,78,9.629589020342667
4rmv,C 121,79,2.907434053593503
4rmv,C 121,80,0.0
4rmv,C 121,81,58.84748755453812
4rmv,C 121,82,0.001017267945419542
4rmv,C 121,83,32.92833579495522
4rmv,C 121,84,3.9633571601841147
4rmv,C 121,85,91.10258403034406
4rmv,C 121,86,37.68371879920292
4rmv,C 121,87,32.56198232013367
4rmv,C 121,88,123.99392895020986
4rmv,C 121,89,138.1568133510361
4rmv,C 121,90,72.5574465898363
4rmv,C 121,91,94.42829193528601
4rmv,C 121,92,92.94719336253647
4rmv,C 121,93,34.631597549783976
4rmv,C 121,94,130.67110970768314
4rmv,C 121,95,25.66405932876039
4rmv,C 121,96,68.23715400933553
4rmv,C 121,97,98.71004520276733
4rmv,C 121,98,137.63373328609237
4rmv,C 121,99,91.96449106584872
4rmv,C 121,101,66.93108711227083
4rmv,C 121,102,225.39921596162444
4rmw,C 121,0,207.28120835809383
4rmw,C 121,1,66.58290673676969
4rmw,C 121,2,97.30266144574412
4rmw,C 121,3,83.56866072998521
4rmw,C 121,4,73.09674283073807
4rmw,C 121,5,5.912071554061974
4rmw,C 121,6,152.38260838780542
4rmw,C 121,7,22.2709662852364
4rmw,C 121,8,57.63291811961409
4rmw,C 121,9,13.696546618657058
4rmw,C 121,10,10.428848155473466
4rmw,C 121,11,20.438800056131512
4rmw,C 121,12,112.81097170812721
4rmw,C 121,13,105.17199887288272
4rmw,C 121,14,39.44133576583941
4rmw,C 121,15,101.4765564432395
4rmw,C 121,16,177.9600028934555
4rmw,C 121,17,61.52383833475712
4rmw,C 121,18,45.78004711754314
4rmw,C 121,19,178.34254438219665
4rmw,C 121,20,7.991990548278308
4rmw,C 121,21,25.66069806890432
4rmw,C 121,22,32.21965115567632
4rmw,C 121,23,0.1478170778493937
4rmw,C 121,24,8.488728923320496
4rmw,C 121,25,0.0
4rmw,C 121,26,46.885425085854614
4rmw,C 121,27,0.0
4rmw,C 121,28,13.629824282883922
4rmw,C 121,29,21.372038398495622
4rmw,C 121,30,0.0
4rmw,C 121,31,37.54879506429289
4rmw,C 121,32,41.05179328281362
4rmw,C 121,33,43.90015110735145
4rmw,C 121,34,104.81452429949364
4rmw,C 121,35,52.30804092657072
4rmw,C 121,36,102.66995536168523
4rmw,C 121,37,16.499906957094904
4rmw,C 121,38,9.312673716853574
4rmw,C 121,39,0.0
4rmw,C 121,40,7.601716620539029
4rmw,C 121,41,74.68192399829886
4rmw,C 121,42,94.0429297616757
4rmw,C 121,43,50.519297377560314
4rmw,C 121,44,120.25265223221146
4rmw,C 121,45,177.80562320233736
4rmw,C 121,46,34.90439204646187
4rmw,C 121,47,133.43895411908525
4rmw,C 121,48,152.76933963386153
4rmw,C 121,49,29.00192513620498
4rmw,C 121,50,107.86819370911253
4rmw,C 121,51,68.5689155257192
4rmw,C 121,52,72.77490348173981
4rmw,C 121,53,75.65882270415416
4rmw,C 121,54,102.66506811199268
4rmw,C 121,55,64.12215839727834
4rmw,C 121,56,125.14392702359724
4rmw,C 121,57,63.78573051404861
4rmw,C 121,58,78.49511316707232
4rmw,C 121,59,74.41575487176245
4rmw,C 121,60,214.41930656901908
4rmw,C 121,61,8.583616145223061
4rmw,C 121,62,34.38730973855374
4rmw,C 121,63,61.55757475603159
4rmw,C 121,64,12.739178778300007
4rmw,C 121,65,44.17669224989008
4rmw,C 121,66,23.292677445491965
4rmw,C 121,67,45.37892082286045
4rmw,C 121,68,5.108490845251539
4rmw,C 121,69,88.40230133077483
4rmw,C 121,70,21.727465839656567
4rmw,C 121,71,100.86233022114995
4rmw,C 121,72,19.253951692319042
4rmw,C 121,73,73.16844654857496
4rmw,C 121,74,160.53679051262074
4rmw,C 121,75,177.07521482321553
4rmw,C 121,76,7.248298785529034
4rmw,C 121,77,97.75267543471601
4rmw,C 121,78,6.531701559028462
4rmw,C 121,79,4.109673631290541
4rmw,C 121,80,0.0
4rmw,C 121,81,54.38496600963575
4rmw,C 121,82,0.0024576162666503643
4rmw,C 121,83,48.07337838985132
4rmw,C 121,84,10.642299840854166
4rmw,C 121,85,108.36850382874601
4rmw,C 121,86,39.30382238978995
4rmw,C 121,87,29.969074314029868
4rmw,C 121,88,133.12879596946897
4rmw,C 121,89,140.22698263175903
4rmw,C 121,90,59.126314642351375
4rmw,C 121,91,96.05360419919522
4rmw,C 121,92,94.90522590100693
4rmw,C 121,93,35.56900311224085
4rmw,C 121,94,139.25862367529433
4rmw,C 121,95,15.992470444005525
4rmw,C 121,96,83.2201751879004
4rmw,C 121,97,91.40466176156525
4rmw,C 121,98,139.03797314004896
4rmw,C 121,99,116.80921034231059
4rmw,C 121,101,205.49289554222239
4rmw,C 121,102,50.5047593635186
6m1b,C 121,0,176.15747063288654
6m1b,C 121,1,46.52088185449814
6m1b,C 121,2,86.04213421806985
6m1b,C 121,3,96.45123568068345
6m1b,C 121,4,62.86260368759512
6m1b,C 121,5,7.452998291458163
6m1b,C 121,6,130.3454755510295
6m1b,C 121,7,22.3641446918413
6m1b,C 121,8,49.48733228340699
6m1b,C 121,9,11.5773060472652
6m1b,C 121,10,6.179404765435606
6m1b,C 121,11,22.33184939928319
6m1b,C 121,12,95.85328186957996
6m1b,C 121,13,106.52002077249848
6m1b,C 121,14,39.52804944276719
6m1b,C 121,15,103.4364222895255
6m1b,C 121,16,159.72124463738993
6m1b,C 121,17,72.53830497852674
6m1b,C 121,18,46.25358614503444
6m1b,C 121,19,197.27229931782924
6m1b,C 121,20,13.706672524425477
6m1b,C 121,21,19.95632518445535
6m1b,C 121,22,30.727506152666006
6m1b,C 121,23,0.0
6m1b,C 121,24,7.984240648820244
6m1b,C 121,25,0.0
6m1b,C 121,26,39.61169340242103
6m1b,C 121,27,0.0
6m1b,C 121,28,17.088942368135903
6m1b,C 121,29,23.255701753583047
6m1b,C 121,30,0.0
6m1b,C 121,31,43.49871853217286
6m1b,C 121,32,22.910756223717414
6m1b,C 121,33,42.16094726609623
6m1b,C 121,34,104.41770582636732
6m1b,C 121,35,47.24459924933707
6m1b,C 121,36,103.3750978980753
6m1b,C 121,37,17.732619083631022
6m1b,C 121,38,15.550435348209428
6m1b,C 121,39,0.0
6m1b,C 121,40,6.857798443207635
6m1b,C 121,41,83.68972914522546
6m1b,C 121,42,73.33284240028932
6m1b,C 121,43,52.31346007703449
6m1b,C 121,44,129.27216086410664
6m1b,C 121,45,131.9604628683323
6m1b,C 121,46,37.0295533120359
6m1b,C 121,47,160.92327081865213
6m1b,C 121,48,154.4194681108326
6m1b,C 121,49,27.749014112310004
6m1b,C 121,50,78.34301920231843
6m1b,C 121,51,67.21548376900432
6m1b,C 121,52,72.21125745326042
6m1b,C 121,53,76.65375353328989
6m1b,C 121,54,103.03765231543593
6m1b,C 121,55,61.30155991791876
6m1b,C 121,56,117.37017200279344
6m1b,C 121,57,70.70599378646011
6m1b,C 121,58,122.23569436073588
6m1b,C 121,59,112.1155324734654
6m1b,C 121,60,108.59506033250071
6m1b,C 121,61,14.389758767140467
6m1b,C 121,62,30.352930268949216
6m1b,C 121,63,57.49420649254538
6m1b,C 121,64,10.915027192045338
6m1b,C 121,65,35.203374636000085
6m1b,C 121,66,32.19252772949172
6m1b,C 121,67,43.383902291322144
6m1b,C 121,68,1.363375445496873
6m1b,C 121,69,83.9885991138455
6m1b,C 121,70,15.434068418796405
6m1b,C 121,71,110.06801167192842
6m1b,C 121,72,34.74951222035677
6m1b,C 121,73,72.92683530293115
6m1b,C 121,74,134.54810923974708
6m1b,C 121,75,195.76193853186692
6m1b,C 121,76,31.70209755418129
6m1b,C 121,77,76.29880882175244
6m1b,C 121,78,6.007785607194774
6m1b,C 121,79,0.3217789408796448
6m1b,C 121,80,0.04453490871510852
6m1b,C 121,81,55.640459619131725
6m1b,C 121,82,0.12541949837411503
6m1b,C 121,83,44.78766050743869
6m1b,C 121,84,12.80675781437584
6m1b,C 121,85,84.92052691507223
6m1b,C 121,86,37.87424937302328
6m1b,C 121,87,27.487716638119714
6m1b,C 121,88,112.60500271519088
6m1b,C 121,89,130.46993740111122
6m1b,C 121,90,61.68797725856044
6m1b,C 121,91,92.5621479839412
6m1b,C 121,92,95.63212616053654
6m1b,C 121,93,34.93992288970632
6m1b,C 121,94,126.86057953831904
6m1b,C 121,95,27.08305551939685
6m1b,C 121,96,78.14865737446071
6m1b,C 121,97,75.83599271538561
6m1b,C 121,98,132.36055504850415
6m1b,C 121,99,106.05145360574636
6m1b,C 121,101,109.16889885365292
6m1b,C 121,102,165.47926979371542
6m1b,C 121,103,3.835246371331495
6m1b,C 121,104,59.19610271446973
6m1b,C 121,105,69.62959224490085
4rmr,I 121,0,201.84220393006152
4rmr,I 121,1,64.69472190378366
4rmr,I 121,2,100.41757407676816
4rmr,I 121,3,78.46279511836705
4rmr,I 121,4,65.02048875851156
4rmr,I 121,5,6.924256506849321
4rmr,I 121,6,157.7775181288124
4rmr,I 121,7,22.444276408433844
4rmr,I 121,8,81.50009645143123
4rmr,I 121,9,21.120807202950136
4rmr,I 121,10,62.23139223054603
4rmr,I 121,11,21.717061155315978
4rmr,I 121,12,103.6393341378323
4rmr,I 121,13,98.49740368970407
4rmr,I 121,14,130.67293975707892
4rmr,I 121,15,26.484131664378136
4rmr,I 121,16,99.13440320500222
4rmr,I 121,17,75.70961669200459
4rmr,I 121,18,49.965329788310115
4rmr,I 121,19,127.45846155749604
4rmr,I 121,20,82.93467170099768
4rmr,I 121,21,5.606708085571034
4rmr,I 121,22,47.69116895828917
4rmr,I 121,23,0.007304983100971943
4rmr,I 121,24,9.791958614594865
4rmr,I 121,25,0.0
4rmr,I 121,26,73.49579578813373
4rmr,I 121,27,0.0
4rmr,I 121,28,12.681285828532909
4rmr,I 121,29,19.51826972516364
4rmr,I 121,30,0.0
4rmr,I 121,31,25.712945247815195
4rmr,I 121,32,43.389743153337115
4rmr,I 121,33,42.15402014261103
4rmr,I 121,34,93.43922661425066
4rmr,I 121,35,42.83519424853058
4rmr,I 121,36,65.39701029057142
4rmr,I 121,37,14.609753108883409
4rmr,I 121,38,17.223991602228704
4rmr,I 121,39,1.2392147759582788
4rmr,I 121,40,12.39905715811588
4rmr,I 121,41,54.41285645609154
4rmr,I 121,42,77.35591571657908
4rmr,I 121,43,53.33060666589734
4rmr,I 121,44,119.61984552710322
4rmr,I 121,45,117.13332496916681
4rmr,I 121,46,16.871169130937787
4rmr,I 121,47,123.74501991956936
4rmr,I 121,48,71.7390276977183
4rmr,I 121,49,113.69855694709396
4rmr,I 121,50,100.592739519838
4rmr,I 121,51,77.27263395164981
4rmr,I 121,52,78.58373463961189
4rmr,I 121,53,98.73967483747742
4rmr,I 121,54,92.99251210102626
4rmr,I 121,55,59.41949069564215
4rmr,I 121,56,144.1832998984529
4rmr,I 121,57,26.01130704723531
4rmr,I 121,58,189.08675207136704
4rmr,I 121,59,68.95939828592063
4rmr,I 121,60,145.81757664436705
4rmr,I 121,61,3.044044687627603
4rmr,I 121,62,32.00776219823878
4rmr,I 121,63,61.68872624572912
4rmr,I 121,64,16.188390916146176
4rmr,I 121,65,62.809230644442785
4rmr,I 121,66,10.782215701243555
4rmr,I 121,67,46.89677908410582
4rmr,I 121,68,0.6076091614592303
4rmr,I 121,69,91.29651121672478
4rmr,I 121,70,0.35502886090916397
4rmr,I 121,71,50.68528809324177
4rmr,I 121,72,0.06104482150052845
4rmr,I 121,73,47.3811454662787
4rmr,I 121,74,128.24329452232453
4rmr,I 121,75,169.34317752471742
4rmr,I 121,76,35.16968229549565
4rmr,I 121,77,105.71827673669527
4rmr,I 121,78,2.3181602952948257
4rmr,I 121,79,10.669479663429971
4rmr,I 121,80,0.039863301544818056
4rmr,I 121,81,47.93704347391607
4rmr,I 121,82,0.05828934732185517
4rmr,I 121,83,37.51571620971431
4rmr,I 121,84,2.0325731697142984
4rmr,I 121,85,92.9831758412748
4rmr,I 121,86,35.0877090745059
4rmr,I 121,87,30.924831773522314
4rmr,I 121,88,126.90212676187913
4rmr,I 121,89,133.07825430171576
4rmr,I 121,90,48.210328372579184
4rmr,I 121,91,103.76908624109579
4rmr,I 121,92,97.13868247455423
4rmr,I 121,93,35.7166114879764
4rmr,I 121,94,142.94928256217761
4rmr,I 121,95,28.468516507581423
4rmr,I 121,96,79.44114068157069
4rmr,I 121,97,90.79658856491362
4rmr,I 121,98,130.23592515056583
4rmr,I 121,99,114.94708627855105
4rmr,I 121,101,215.51187694217518
4rmr,I 121,102,76.32395333930074
4rms,I 121,0,204.10505775540318
4rms,I 121,1,75.86025927862555
4rms,I 121,2,95.35324881529657
4rms,I 121,3,68.37113735489179
4rms,I 121,4,72.01956414064767
4rms,I 121,5,7.30083973184337
4rms,I 121,6,128.49177631601856
4rms,I 121,7,20.973574148660663
4rms,I 121,8,77.67342807480318
4rms,I 121,9,10.083879965508537
4rms,I 121,10,20.080896869781924
4rms,I 121,11,21.034837097387502
4rms,I 121,12,108.42939425675739
4rms,I 121,13,105.9926843038068
4rms,I 121,14,37.13416567275
4rms,I 121,15,104.05141050989914
4rms,I 121,16,160.90502666836636
4rms,I 121,17,88.84480744102952
4rms,I 121,18,45.79115601389928
4rms,I 121,19,206.57677671489503
4rms,I 121,20,19.76113834361284
4rms,I 121,21,22.244640348859384
4rms,I 121,22,35.937690636321214
4rms,I 121,23,0.013601698055669473
4rms,I 121,24,10.07290170714099
4rms,I 121,25,0.0
4rms,I 121,26,19.91529420344138
4rms,I 121,27,0.0
4rms,I 121,28,11.24458123429621
4rms,I 121,29,15.745208819872348
4rms,I 121,30,0.0
4rms,I 121,31,39.905727497995926
4rms,I 121,32,39.5195440592188
4rms,I 121,33,44.00875488440517
4rms,I 121,34,101.97690498186758
4rms,I 121,35,51.28163262924534
4rms,I 121,36,98.42219419030208
4rms,I 121,37,17.692626938554813
4rms,I 121,38,7.687108291333231
4rms,I 121,39,0.0
4rms,I 121,40,8.267423233581095
4rms,I 121,41,86.23098982274487
4rms,I 121,42,80.29785891931444
4rms,I 121,43,58.36832788401759
4rms,I 121,44,128.107816429477
4rms,I 121,45,124.65489234744126
4rms,I 121,46,33.57490479449275
4rms,I 121,47,150.10529829868773
4rms,I 121,48,138.91850565102823
4rms,I 121,49,26.482202706996425
4rms,I 121,50,98.51637264182185
4rms,I 121,51,69.81090470821778
4rms,I 121,52,75.03937106970633
4rms,I 121,53,83.87490013803738
4rms,I 121,54,103.38463695240172
4rms,I 121,55,63.77350799171743
4rms,I 121,56,119.1430758231172
4rms,I 121,57,68.53800647442498
4rms,I 121,58,127.28187464258549
4rms,I 121,59,110.19383619842667
4rms,I 121,60,111.48123748544907
4rms,I 121,61,7.67850411830334
4rms,I 121,62,32.761961267085155
4rms,I 121,63,52.93423962137957
4rms,I 121,64,13.245450573881518
4rms,I 121,65,44.65499066396903
4rms,I 121,66,25.254094441647233
4rms,I 121,67,42.23588117932331
4rms,I 121,68,4.284817956806779
4rms,I 121,69,94.44041741343374
4rms,I 121,70,20.193436763202133
4rms,I 121,71,116.1468041955029
4rms,I 121,72,37.14295772514906
4rms,I 121,73,56.421640593217525
4rms,I 121,74,127.44004189089539
4rms,I 121,75,166.17162913271005
4rms,I 121,76,32.44597609761858
4rms,I 121,77,104.97514878694864
4rms,I 121,78,8.557196747036706
4rms,I 121,79,8.030728590820175
4rms,I 121,80,0.022171682482462773
4rms,I 121,81,67.45207879362158
4rms,I 121,82,0.0
4rms,I 121,83,44.440346140534366
4rms,I 121,84,14.757842964761585
4rms,I 121,85,103.74213656701984
4rms,I 121,86,36.69157834998774
4rms,I 121,87,32.375000197067706
4rms,I 121,88,122.22141272538852
4rms,I 121,89,138.3937023730042
4rms,I 121,90,70.52959675344087
4rms,I 121,91,95.01133726685563
4rms,I 121,92,96.1192027548468
4rms,I 121,93,36.22639173581593
4rms,I 121,94,137.42948256629361
4rms,I 121,95,24.673197635170474
4rms,I 121,96,76.26147328749484
4rms,I 121,97,125.51740752234514
4rms,I 121,98,126.16942099250714
4rms,I 121,99,85.19575718435871
4rms,I 121,101,180.7735059666315
4rms,I 121,102,76.8677767771863
4rmt,I 121,0,204.29064615110835
4rmt,I 121,1,64.33646928583097
4rmt,I 121,2,86.09802283257162
4rmt,I 121,3,123.0076202593134
4rmt,I 121,4,75.90811021182017
4rmt,I 121,5,6.045246557644797
4rmt,I 121,6,123.8931501928439
4rmt,I 121,7,17.692321319871077
4rmt,I 121,8,48.18787039947088
4rmt,I 121,9,14.879286651823238
4rmt,I 121,10,12.622094942747736
4rmt,I 121,11,20.035961919743457
4rmt,I 121,12,112.75158950198062
4rmt,I 121,13,103.59762855517147
4rmt,I 121,14,41.711331994590616
4rmt,I 121,15,108.3158038333106
4rmt,I 121,16,187.05733998673347
4rmt,I 121,17,87.41966080803579
4rmt,I 121,18,45.36440303244793
4rmt,I 121,19,207.8110031245033
4rmt,I 121,20,13.572297999588157
4rmt,I 121,21,21.418614913271007
4rmt,I 121,22,32.95377210833429
4rmt,I 121,23,0.13934709326300104
4rmt,I 121,24,9.78066829653903
4rmt,I 121,25,0.0
4rmt,I 121,26,38.3278977844157
4rmt,I 121,27,0.0
4rmt,I 121,28,13.940671812192816
4rmt,I 121,29,18.417887573333946
4rmt,I 121,30,0.0
4rmt,I 121,31,39.534198097897615
4rmt,I 121,32,41.945433482614796
4rmt,I 121,33,43.05822008711196
4rmt,I 121,34,107.53417474665441
4rmt,I 121,35,51.67509887542206
4rmt,I 121,36,56.17924441698965
4rmt,I 121,37,17.00980362998797
4rmt,I 121,38,7.022468685384196
4rmt,I 121,39,0.0
4rmt,I 121,40,9.21162116492906
4rmt,I 121,41,84.17435963146488
4rmt,I 121,42,78.56950630841075
4rmt,I 121,43,58.35459038845286
4rmt,I 121,44,126.8987313310488
4rmt,I 121,45,124.38069138808822
4rmt,I 121,46,33.924624398900264
4rmt,I 121,47,141.60087595709425
4rmt,I 121,48,167.06985784627085
4rmt,I 121,49,27.061516863965373
4rmt,I 121,50,92.0219992302101
4rmt,I 121,51,40.36713130601578
4rmt,I 121,52,51.98048611754054
4rmt,I 121,53,48.459192350155725
4rmt,I 121,54,99.30245117328643
4rmt,I 121,55,62.88379048905245
4rmt,I 121,56,121.14599624181575
4rmt,I 121,57,67.98668102451498
4rmt,I 121,58,133.2685197054718
4rmt,I 121,59,106.99351405584723
4rmt,I 121,60,122.43521894538185
4rmt,I 121,61,10.218835626869314
4rmt,I 121,62,31.800770700260685
4rmt,I 121,63,57.3172932786618
4rmt,I 121,64,10.966421892206629
4rmt,I 121,65,34.71448160475285
4rmt,I 121,66,23.13566462375971
4rmt,I 121,67,39.3640521014942
4rmt,I 121,68,5.529521865234709
4rmt,I 121,69,89.79880622419769
4rmt,I 121,70,19.392954123871352
4rmt,I 121,71,114.43582785465509
4rmt,I 121,72,32.98909632197023
4rmt,I 121,73,64.83866935094474
4rmt,I 121,74,152.2522514286264
4rmt,I 121,75,92.56841228536358
4rmt,I 121,76,21.21002332878131
4rmt,I 121,77,95.90101047584479
4rmt,I 121,78,7.2522502491676155
4rmt,I 121,79,9.3827609231338
4rmt,I 121,80,8.50163745441894e-05
4rmt,I 121,81,63.839123709997686
4rmt,I 121,82,0.0005304435346684543
4rmt,I 121,83,42.74973996628797
4rmt,I 121,84,13.023501667721588
4rmt,I 121,85,106.65322862958746
4rmt,I 121,86,38.82511137909565
4rmt,I 121,87,34.26608852903832
4rmt,I 121,88,126.74560396631772
4rmt,I 121,89,150.21108551287102
4rmt,I 121,90,62.53040807109761
4rmt,I 121,91,90.46006626323657
4rmt,I 121,92,94.20509272326825
4rmt,I 121,93,34.567557367048764
4rmt,I 121,94,160.5173508052831
4rmt,I 121,95,12.101048881845477
4rmt,I 121,96,69.63625619579432
4rmt,I 121,97,70.68832043130591
4rmt,I 121,98,145.08406873956017
4rmt,I 121,99,123.93040221666341
4rmt,I 121,101,164.70630388309831
4rmt,I 121,102,125.45278552399208
4rmt,I 121,103,147.61835599670195
5cs7,I 121,0,213.59836801864418
5cs7,I 121,1,63.61244689511343
5cs7,I 121,2,107.99109219508235
5cs7,I 121,3,106.56783967815501
5cs7,I 121,4,71.53284214253237
5cs7,I 121,5,1.9625951866299112
5cs7,I 121,6,121.61727037689343
5cs7,I 121,7,18.069315868172307
5cs7,I 121,8,80.66005351648562
5cs7,I 121,9,9.27467334279272
5cs7,I 121,10,39.96289019915426
5cs7,I 121,11,21.586229528964175
5cs7,I 121,12,137.827197321174
5cs7,I 121,13,111.09246912463092
5cs7,I 121,14,45.99594067342393
5cs7,I 121,15,108.04732106893314
5cs7,I 121,16,182.21562737534092
5cs7,I 121,17,86.53843646979325
5cs7,I 121,18,49.73779068033798
5cs7,I 121,19,206.44570028194178
5cs7,I 121,20,16.388501973990884
5cs7,I 121,21,21.89490114921788
5cs7,I 121,22,38.64043006991796
5cs7,I 121,23,0.023966862717641854
5cs7,I 121,24,11.265108523131326
5cs7,I 121,25,0.0
5cs7,I 121,26,70.98833225312268
5cs7,I 121,27,0.0
5cs7,I 121,28,11.66829085851608
5cs7,I 121,29,19.27531217478382
5cs7,I 121,30,0.03501137707658096
5cs7,I 121,31,42.56672110016581
5cs7,I 121,32,40.32653683909093
5cs7,I 121,33,45.96181007652452
5cs7,I 121,34,101.59380263626191
5cs7,I 121,35,53.09577401726756
5cs7,I 121,36,86.48088622473045
5cs7,I 121,37,18.382933098832005
5cs7,I 121,38,12.247786609588651
5cs7,I 121,39,0.031665857903207376
5cs7,I 121,40,10.313474393332903
5cs7,I 121,41,83.56786222875358
5cs7,I 121,42,74.49787691221029
5cs7,I 121,43,64.94534515036837
5cs7,I 121,44,124.53257343997319
5cs7,I 121,45,163.13913436609877
5cs7,I 121,46,23.686816271126716
5cs7,I 121,47,146.51475408199335
5cs7,I 121,48,148.9412501835741
5cs7,I 121,49,27.268068912359862
5cs7,I 121,50,71.58045102007317
5cs7,I 121,51,78.95908298071129
5cs7,I 121,52,72.45903308675834
5cs7,I 121,53,84.91238772371486
5cs7,I 121,54,100.32585796523225
5cs7,I 121,55,58.757932964732845
5cs7,I 121,56,117.8674642083713
5cs7,I 121,57,57.666663194945606
5cs7,I 121,58,152.82792337458517
5cs7,I 121,59,120.97345765300174
5cs7,I 121,60,110.64679532356514
5cs7,I 121,61,0.06329011904821502
5cs7,I 121,62,34.88257525338552
5cs7,I 121,63,55.990845295438575
5cs7,I 121,64,10.946306420224841
5cs7,I 121,65,48.64094216896981
5cs7,I 121,66,31.58132944315093
5cs7,I 121,67,45.84547410127511
5cs7,I 121,68,2.4187666019055336
5cs7,I 121,69,89.25379160501264
5cs7,I 121,70,17.84473198958368
5cs7,I 121,71,119.86748077878748
5cs7,I 121,72,33.89637198125659
5cs7,I 121,73,66.33448473873838
5cs7,I 121,74,152.99899720353335
5cs7,I 121,75,178.9948380187039
5cs7,I 121,76,30.02655673861977
5cs7,I 121,77,81.65160944826854
5cs7,I 121,78,6.632476164199165
5cs7,I 121,79,6.591359959537499
5cs7,I 121,80,0.0
5cs7,I 121,81,79.53115702236839
5cs7,I 121,82,0.03621233489108921
5cs7,I 121,83,51.14044226635228
5cs7,I 121,84,8.521529140217492
5cs7,I 121,85,105.59651765294892
5cs7,I 121,86,36.94415106708239
5cs7,I 121,87,33.568214018788225
5cs7,I 121,88,122.3774189756934
5cs7,I 121,89,137.95767656661468
5cs7,I 121,90,64.11359173793969
5cs7,I 121,91,76.69252299697138
5cs7,I 121,92,93.41076471355993
5cs7,I 121,93,39.26751848185727
5cs7,I 121,94,117.68272328887548
5cs7,I 121,95,23.436581771480707
5cs7,I 121,96,72.61050626229058
5cs7,I 121,97,111.63758148629198
5cs7,I 121,98,134.88507985545772
5cs7,I 121,99,114.46413386725636
5csb,I 121,0,202.14004686666968
5csb,I 121,1,58.669887455742874
5csb,I 121,2,104.41749939977848
5csb,I 121,3,106.81137842694393
5csb,I 121,4,76.93092229011181
5csb,I 121,5,7.404914833624574
5csb,I 121,6,124.49719962584824
5csb,I 121,7,24.485103786858897
5csb,I 121,8,68.13779923397394
5csb,I 121,9,10.279709132898304
5csb,I 121,10,40.16169263734131
5csb,I 121,11,21.57486601548445
5csb,I 121,12,136.07108006611168
5csb,I 121,13,111.33378644104867
5csb,I 121,14,37.21513329419698
5csb,I 121,15,114.13579659446556
5csb,I 121,16,167.88538499184864
5csb,I 121,17,62.053268544565064
5csb,I 121,18,41.09487095019268
5csb,I 121,19,182.4661405432143
5csb,I 121,20,18.93165140051118
5csb,I 121,21,23.47101973319672
5csb,I 121,22,31.567640612824338
5csb,I 121,23,0.0
5csb,I 121,24,9.487273290242948
5csb,I 121,25,0.0
5csb,I 121,26,69.49044545562445
5csb,I 121,27,0.0
5csb,I 121,28,11.063548434184089
5csb,I 121,29,19.800875492340374
5csb,I 121,30,0.03485157207385382
5csb,I 121,31,39.25294747218535
5csb,I 121,32,40.55865870836951
5csb,I 121,33,45.732372737896306
5csb,I 121,34,101.79764051470606
5csb,I 121,35,50.795873983420776
5csb,I 121,36,106.86289777187525
5csb,I 121,37,18.377412087528818
5csb,I 121,38,13.392548675057881
5csb,I 121,39,0.005366518128813997
5csb,I 121,40,7.407223376853779
5csb,I 121,41,87.37199058756232
5csb,I 121,42,74.3350742261409
5csb,I 121,43,54.520998150241795
5csb,I 121,44,108.92580602666769
5csb,I 121,45,132.5640615301942
5csb,I 121,46,24.191638124819594
5csb,I 121,47,159.9008310542158
5csb,I 121,48,165.62882178575097
5csb,I 121,49,29.5355099488752
5csb,I 121,50,137.33723290856256
5csb,I 121,51,57.429835421132594
5csb,I 121,52,72.55293169424944
5csb,I 121,53,90.73087911812108
5csb,I 121,54,100.81068093023288
5csb,I 121,55,58.09907266549025
5csb,I 121,56,117.10463214495947
5csb,I 121,57,66.48731169144148
5csb,I 121,58,104.37918366171411
5csb,I 121,59,125.81769088480836
5csb,I 121,60,99.68311803309847
5csb,I 121,61,5.246661396926878
5csb,I 121,62,33.36451204050444
5csb,I 121,63,57.31143375355762
5csb,I 121,64,14.390747461865802
5csb,I 121,65,49.39582513706145
5csb,I 121,66,32.50260390731836
5csb,I 121,67,50.556356188028765
5csb,I 121,68,7.796232703814823
5csb,I 121,69,105.03653172685854
5csb,I 121,70,24.223094708957884
5csb,I 121,71,109.50253881129176
5csb,I 121,72,43.22933917999031
5csb,I 121,73,45.24155294538574
5csb,I 121,74,154.22880616626932
5csb,I 121,75,164.78704928786578
5csb,I 121,76,22.423908148003814
5csb,I 121,77,98.15799312813827
5csb,I 121,78,8.581382709062787
5csb,I 121,79,9.972415336057383
5csb,I 121,80,0.0
5csb,I 121,81,63.18456814495963
5csb,I 121,82,0.018707957422105848
5csb,I 121,83,53.66181706683963
5csb,I 121,84,9.00550709585846
5csb,I 121,85,108.21009555588864
5csb,I 121,86,36.88180492377326
5csb,I 121,87,30.55331773528215
5csb,I 121,88,124.93567475551778
5csb,I 121,89,142.3696950165752
5csb,I 121,90,62.93367409314891
5csb,I 121,91,97.69449845330875
5csb,I 121,92,95.2738511774902
5csb,I 121,93,38.32922641337298
5csb,I 121,94,133.60588668264518
5csb,I 121,95,20.65584907952083
5csb,I 121,96,74.85666626204592
5csb,I 121,97,87.53645930581297
5csb,I 121,98,133.43810868410316
5csb,I 121,99,113.43843761168299
5csg,I 121,0,218.36097862701405
5csg,I 121,1,60.21217290105332
5csg,I 121,2,105.96865460905119
5csg,I 121,3,133.71273122888903
5csg,I 121,4,61.68717272627841
5csg,I 121,5,5.775160339644796
5csg,I 121,6,153.39231836092898
5csg,I 121,7,15.608913586438264
5csg,I 121,8,82.73207006493402
5csg,I 121,9,9.307912760050966
5csg,I 121,10,39.04166054058486
5csg,I 121,11,19.024571548221868
5csg,I 121,12,119.00084829076495
5csg,I 121,13,102.57054144700075
5csg,I 121,14,22.78592963441795
5csg,I 121,15,109.7008122788421
5csg,I 121,16,184.2164910826846
5csg,I 121,17,76.61868181217348
5csg,I 121,18,49.280795245892165
5csg,I 121,19,201.0746748228601
5csg,I 121,20,18.7734807515829
5csg,I 121,21,23.337530910944267
5csg,I 121,22,19.574046675655143
5csg,I 121,23,0.4085570036790953
5csg,I 121,24,1.1133117358960054
5csg,I 121,25,0.005102494116107021
5csg,I 121,26,76.93664155920297
5csg,I 121,27,0.0053254609847316085
5csg,I 121,28,13.522094532235128
5csg,I 121,29,12.598972289757608
5csg,I 121,30,0.0
5csg,I 121,31,37.92707147404957
5csg,I 121,32,40.59924617818972
5csg,I 121,33,42.42091922889326
5csg,I 121,34,105.6334339977818
5csg,I 121,35,53.472543560482436
5csg,I 121,36,98.95714014264482
5csg,I 121,37,17.46118356664918
5csg,I 121,38,8.97392678447121
5csg,I 121,39,0.0
5csg,I 121,40,7.067147425598585
5csg,I 121,41,84.80011482158592
5csg,I 121,42,76.91318275625977
5csg,I 121,43,53.29885204328944
5csg,I 121,44,127.80679817025161
5csg,I 121,45,123.16372113595231
5csg,I 121,46,37.50584158157476
5csg,I 121,47,158.46726463809205
5csg,I 121,48,147.16235643593905
5csg,I 121,49,26.40602618927393
5csg,I 121,50,85.66657677952827
5csg,I 121,51,65.05737098014903
5csg,I 121,52,69.79913848029503
5csg,I 121,53,74.74474884076709
5csg,I 121,54,102.51275076280665
5csg,I 121,55,63.21388899878991
5csg,I 121,56,124.79892849173557
5csg,I 121,57,68.9019835097282
5csg,I 121,58,131.16259089366048
5csg,I 121,59,110.92176646334975
5csg,I 121,60,115.70003919111699
5csg,I 121,61,14.189634827753187
5csg,I 121,62,33.22971442069974
5csg,I 121,63,57.62654749925333
5csg,I 121,64,12.485905018392737
5csg,I 121,65,46.81259065908683
5csg,I 121,66,24.679643575996902
5csg,I 121,67,29.534729351472397
5csg,I 121,68,6.983829316887867
5csg,I 121,69,95.6378086629443
5csg,I 121,70,23.035524964383253
5csg,I 121,71,116.43871842848677
5csg,I 121,72,39.65702416101445
5csg,I 121,73,63.56521968573733
5csg,I 121,74,161.962866162663
5csg,I 121,75,177.66285395230733
5csg,I 121,76,9.655617635771144
5csg,I 121,77,92.51915214756349
5csg,I 121,78,6.68943276420963
5csg,I 121,79,8.106766656407153
5csg,I 121,80,0.12625230349590993
5csg,I 121,81,86.51366640622362
5csg,I 121,82,0.007277519906629864
5csg,I 121,83,45.0585413733906
5csg,I 121,84,13.721873935217813
5csg,I 121,85,108.13901604996161
5csg,I 121,86,39.94269462904316
5csg,I 121,87,28.998130921682865
5csg,I 121,88,125.81647605858552
5csg,I 121,89,149.80746537010648
5csg,I 121,90,60.66189161272059
5csg,I 121,91,94.14161864230594
5csg,I 121,92,83.2819268186471
5csg,I 121,93,37.10301374340433
5csg,I 121,94,126.63935133173504
5csg,I 121,95,15.355768750344726
5csg,I 121,96,75.59553726900374
5csg,I 121,97,79.67999120703497
5csg,I 121,98,139.31210022787494
5csg,I 121,99,112.96599740397203
5csg,I 121,101,56.022783008504604
7nmc,I 121,0,180.93134680300452
7nmc,I 121,1,49.4513759271731
7nmc,I 121,2,77.46724401296306
7nmc,I 121,3,93.5992697196337
7nmc,I 121,4,74.98326537299535
7nmc,I 121,5,6.379934346578467
7nmc,I 121,6,122.68523851958052
7nmc,I 121,7,17.89651312473213
7nmc,I 121,8,59.61301844604167
7nmc,I 121,9,13.476183065698795
7nmc,I 121,10,13.010380506423564
7nmc,I 121,11,18.905064713076722
7nmc,I 121,12,117.82173629134219
7nmc,I 121,13,105.45690142519021
7nmc,I 121,14,41.260925639133866
7nmc,I 121,15,106.53902516716302
7nmc,I 121,16,185.85488478966215
7nmc,I 121,17,78.07634593615803
7nmc,I 121,18,45.40220912116318
7nmc,I 121,19,200.4140892600959
7nmc,I 121,20,14.337133851499148
7nmc,I 121,21,20.843087285279505
7nmc,I 121,22,36.875215162129365
7nmc,I 121,23,0.03827446690798491
7nmc,I 121,24,8.257145138920192
7nmc,I 121,25,0.0
7nmc,I 121,26,15.626479487008195
7nmc,I 121,27,0.0
7nmc,I 121,28,14.31715694408171
7nmc,I 121,29,20.473105234370383
7nmc,I 121,30,0.0
7nmc,I 121,31,41.224483647519406
7nmc,I 121,32,21.144096684327884
7nmc,I 121,33,42.78048610256697
7nmc,I 121,34,103.51035509248148
7nmc,I 121,35,51.195507545825954
7nmc,I 121,36,104.29348343108599
7nmc,I 121,37,16.344496747826586
7nmc,I 121,38,7.719627468801605
7nmc,I 121,39,0.0
7nmc,I 121,40,5.976280783400967
7nmc,I 121,41,89.2421493081362
7nmc,I 121,42,87.68159327012737
7nmc,I 121,43,56.88252561004946
7nmc,I 121,44,127.13527262250756
7nmc,I 121,45,122.58036760681826
7nmc,I 121,46,34.418019159623164
7nmc,I 121,47,147.8819413348198
7nmc,I 121,48,142.3342977219737
7nmc,I 121,49,25.32976658610708
7nmc,I 121,50,105.71902947045689
7nmc,I 121,51,67.61216646099405
7nmc,I 121,52,69.7779531930673
7nmc,I 121,53,75.89242222982062
7nmc,I 121,54,99.92299535120884
7nmc,I 121,55,62.0683104578998
7nmc,I 121,56,119.62640690208063
7nmc,I 121,57,69.99486066600033
7nmc,I 121,58,130.46924392231895
7nmc,I 121,59,109.14180380933256
7nmc,I 121,60,109.83703426341339
7nmc,I 121,61,13.203727403449841
7nmc,I 121,62,30.90681401721076
7nmc,I 121,63,54.17967434730018
7nmc,I 121,64,12.114549481031295
7nmc,I 121,65,43.93383060324719
7nmc,I 121,66,25.424586758499554
7nmc,I 121,67,46.65785854181378
7nmc,I 121,68,3.5297608102976312
7nmc,I 121,69,93.36129240319819
7nmc,I 121,70,18.60973793896849
7nmc,I 121,71,115.10940978142573
7nmc,I 121,72,37.495439849521254
7nmc,I 121,73,67.35347337395694
7nmc,I 121,74,164.44717794058292
7nmc,I 121,75,184.897793356984
7nmc,I 121,76,21.14684370032048
7nmc,I 121,77,94.44988253011458
7nmc,I 121,78,5.967188264213694
7nmc,I 121,79,8.334465897871938
7nmc,I 121,80,0.0
7nmc,I 121,81,65.59921269168103
7nmc,I 121,82,0.0
7nmc,I 121,83,52.51254069234701
7nmc,I 121,84,10.759468205617354
7nmc,I 121,85,85.19857477980352
7nmc,I 121,86,36.88171084175489
7nmc,I 121,87,26.72321168303402
7nmc,I 121,88,118.9507983837188
7nmc,I 121,89,137.65247097998474
7nmc,I 121,90,60.69395414338693
7nmc,I 121,91,92.17252567598089
7nmc,I 121,92,91.46311277112423
7nmc,I 121,93,34.21032117863571
7nmc,I 121,94,149.5310609929747
7nmc,I 121,95,11.801967307448958
7nmc,I 121,96,83.51529912055355
7nmc,I 121,97,79.77247410881048
7nmc,I 121,98,140.49610262180872
7nmc,I 121,99,108.27361580933506
7nmc,I 121,100,166.0520494934297
7nmc,I 121,101,182.92661937112047
7nmc,I 121,102,110.27465743809559
7nmo,I 121,0,203.96537617277713
7nmo,I 121,1,69.95651285848965
7nmo,I 121,2,97.30569795409338
7nmo,I 121,3,90.55421133654487
7nmo,I 121,4,77.16683623240868
7nmo,I 121,5,6.403864544964282
7nmo,I 121,6,123.30422430247634
7nmo,I 121,7,19.417795233772875
7nmo,I 121,8,72.78279033908099
7nmo,I 121,9,12.572541967461355
7nmo,I 121,10,32.806077775372785
7nmo,I 121,11,19.522463677086304
7nmo,I 121,12,136.18853117485946
7nmo,I 121,13,105.16410379900475
7nmo,I 121,14,53.496907769024
7nmo,I 121,15,107.8558974084626
7nmo,I 121,16,182.86982755081615
7nmo,I 121,17,87.11801839179577
7nmo,I 121,18,45.36531220411614
7nmo,I 121,19,207.35392180336945
7nmo,I 121,20,10.555422798317974
7nmo,I 121,21,19.05436261727118
7nmo,I 121,22,35.944239154049825
7nmo,I 121,23,0.09605899708737668
7nmo,I 121,24,6.7572853533028905
7nmo,I 121,25,0.0
7nmo,I 121,26,70.29725679020497
7nmo,I 121,27,0.0
7nmo,I 121,28,13.820440692201272
7nmo,I 121,29,20.693531073991828
7nmo,I 121,30,0.0
7nmo,I 121,31,39.25220663664675
7nmo,I 121,32,37.715244609853315
7nmo,I 121,33,42.718154062487336
7nmo,I 121,34,100.87026831913931
7nmo,I 121,35,51.980962666115175
7nmo,I 121,36,92.6111510142537
7nmo,I 121,37,16.656994470775295
7nmo,I 121,38,13.207130679287625
7nmo,I 121,39,0.0
7nmo,I 121,40,6.003441154520654
7nmo,I 121,41,92.83840370656492
7nmo,I 121,42,90.68626051586422
7nmo,I 121,43,51.97134557008339
7nmo,I 121,44,121.82127285991375
7nmo,I 121,45,139.96322402646888
7nmo,I 121,46,37.136568440274324
7nmo,I 121,47,169.6692657985742
7nmo,I 121,48,147.8374688330659
7nmo,I 121,49,27.15806476609962
7nmo,I 121,50,99.30491412991643
7nmo,I 121,51,66.99595266282407
7nmo,I 121,52,69.01459163468101
7nmo,I 121,53,74.36615020442122
7nmo,I 121,54,101.2993780712714
7nmo,I 121,55,63.508169764894404
7nmo,I 121,56,119.34812533220168
7nmo,I 121,57,69.2970213314458
7nmo,I 121,58,134.53099149030845
7nmo,I 121,59,107.98896334710635
7nmo,I 121,60,103.74249555719618
7nmo,I 121,61,11.813263297435688
7nmo,I 121,62,30.44304077922237
7nmo,I 121,63,59.904760266819736
7nmo,I 121,64,13.768370598904758
7nmo,I 121,65,47.94847283699697
7nmo,I 121,66,30.932610120427004
7nmo,I 121,67,48.78965080662478
7nmo,I 121,68,7.679822752928202
7nmo,I 121,69,105.43070807014269
7nmo,I 121,70,20.5372096398927
7nmo,I 121,71,107.61811782622398
7nmo,I 121,72,35.72462231881234
7nmo,I 121,73,71.60755631474957
7nmo,I 121,74,158.0479434940329
7nmo,I 121,75,166.98219078478448
7nmo,I 121,76,33.156089373412904
7nmo,I 121,77,91.28235037466614
7nmo,I 121,78,12.195442447786116
7nmo,I 121,79,6.071177415135767
7nmo,I 121,80,0.0
7nmo,I 121,81,51.427416567769406
7nmo,I 121,82,0.0
7nmo,I 121,83,53.76729388751745
7nmo,I 121,84,10.515114737472434
7nmo,I 121,85,105.8152571569333
7nmo,I 121,86,37.46860900447608
7nmo,I 121,87,26.46187495942887
7nmo,I 121,88,117.34382201827248
7nmo,I 121,89,133.0355319742588
7nmo,I 121,90,66.58104154592587
7nmo,I 121,91,94.39869893820017
7nmo,I 121,92,93.06837066233122
7nmo,I 121,93,35.927044730233305
7nmo,I 121,94,130.14919936263965
7nmo,I 121,95,12.95230155388537
7nmo,I 121,96,83.65567456843333
7nmo,I 121,97,84.21198537601259
7nmo,I 121,98,137.18802831447852
7nmo,I 121,99,120.35159135532449
7nmr,I 121,0,202.72330199116575
7nmr,I 121,1,52.07591288370054
7nmr,I 121,2,91.24421135921115
7nmr,I 121,3,77.89999440107263
7nmr,I 121,4,77.43226484189381
7nmr,I 121,5,6.430061873160715
7nmr,I 121,6,122.23400704991855
7nmr,I 121,7,18.71985132170494
7nmr,I 121,8,69.70479885011008
7nmr,I 121,9,13.946737989638878
7nmr,I 121,10,52.537942401055496
7nmr,I 121,11,28.1228869884495
7nmr,I 121,12,142.47128173386872
7nmr,I 121,13,108.48298624551398
7nmr,I 121,14,47.29942469284168
7nmr,I 121,15,112.55099061148076
7nmr,I 121,16,180.41421562024956
7nmr,I 121,17,72.91128769616499
7nmr,I 121,18,44.77642781089898
7nmr,I 121,19,184.77269893099916
7nmr,I 121,20,17.02326824436501
7nmr,I 121,21,18.849605400978668
7nmr,I 121,22,32.71835339935451
7nmr,I 121,23,0.0
7nmr,I 121,24,6.685114299729602
7nmr,I 121,25,0.0
7nmr,I 121,26,68.96573549450177
7nmr,I 121,27,0.0
7nmr,I 121,28,13.738881430243234
7nmr,I 121,29,20.925650702580107
7nmr,I 121,30,0.0
7nmr,I 121,31,39.972097301172944
7nmr,I 121,32,37.64743651600841
7nmr,I 121,33,42.4390623299735
7nmr,I 121,34,101.42395999858748
7nmr,I 121,35,51.92808873107846
7nmr,I 121,36,84.05774584298209
7nmr,I 121,37,16.383403620347917
7nmr,I 121,38,12.67050988238874
7nmr,I 121,39,0.0
7nmr,I 121,40,5.734068977138757
7nmr,I 121,41,74.533010057057
7nmr,I 121,42,84.05390876648528
7nmr,I 121,43,52.121831042618865
7nmr,I 121,44,127.09462419384514
7nmr,I 121,45,140.268664419364
7nmr,I 121,46,38.11256975115783
7nmr,I 121,47,144.86818585088886
7nmr,I 121,48,178.8833145390833
7nmr,I 121,49,29.042761011238913
7nmr,I 121,50,93.89424825086849
7nmr,I 121,51,70.26357822764247
7nmr,I 121,52,39.486150689267824
7nmr,I 121,53,73.86809594925938
7nmr,I 121,54,73.44307768286737
7nmr,I 121,55,62.650380101405815
7nmr,I 121,56,118.83744496069735
7nmr,I 121,57,70.2811840537928
7nmr,I 121,58,129.93821092696774
7nmr,I 121,59,106.69904528082614
7nmr,I 121,60,100.19926305650779
7nmr,I 121,61,12.042233089666912
7nmr,I 121,62,30.917181451306213
7nmr,I 121,63,57.54777077511541
7nmr,I 121,64,8.199344427784943
7nmr,I 121,65,49.03977901326474
7nmr,I 121,66,30.832567007603213
7nmr,I 121,67,43.312337967405156
7nmr,I 121,68,4.347477487411337
7nmr,I 121,69,93.84735217616995
7nmr,I 121,70,20.35287592022088
7nmr,I 121,71,113.90432262787289
7nmr,I 121,72,42.95536435004236
7nmr,I 121,73,46.598907497134874
7nmr,I 121,74,161.33696102480778
7nmr,I 121,75,164.17513555663615
7nmr,I 121,76,9.671059264116387
7nmr,I 121,77,90.51822135352323
7nmr,I 121,78,7.500004617875856
7nmr,I 121,79,5.466704213717857
7nmr,I 121,80,0.0
7nmr,I 121,81,56.59743846276142
7nmr,I 121,82,0.0
7nmr,I 121,83,45.570941302407405
7nmr,I 121,84,13.461138079256369
7nmr,I 121,85,107.40937320585199
7nmr,I 121,86,37.192967414465976
7nmr,I 121,87,29.97300908221831
7nmr,I 121,88,123.12830216753775
7nmr,I 121,89,138.11768850082535
7nmr,I 121,90,75.11126513054958
7nmr,I 121,91,94.94751509598842
7nmr,I 121,92,99.02015416458462
7nmr,I 121,93,33.52883395211046
7nmr,I 121,94,130.0334440709537
7nmr,I 121,95,28.035519693450027
7nmr,I 121,96,135.3436529501714
7nmr,I 121,97,139.60418374068334
7nmr,I 121,101,170.0415889528035
7nmr,I 121,102,119.2238408845285
7nmr,I 121,103,133.58386697500669
7nmt,I 121,0,199.2009396740176
7nmt,I 121,1,78.17962017247436
7nmt,I 121,2,98.813923098317
7nmt,I 121,3,86.7461262879093
7nmt,I 121,4,78.02290676691975
7nmt,I 121,5,6.550677887593169
7nmt,I 121,6,129.12000515383062
7nmt,I 121,7,20.129162188023436
7nmt,I 121,8,72.60279293840907
7nmt,I 121,9,12.899386353913192
7nmt,I 121,10,34.47491897754576
7nmt,I 121,11,19.33446805050992
7nmt,I 121,12,135.61418724682966
7nmt,I 121,13,103.62174797102831
7nmt,I 121,14,52.86992199071678
7nmt,I 121,15,106.69300688755449
7nmt,I 121,16,183.44904243512593
7nmt,I 121,17,66.33419856157695
7nmt,I 121,18,44.08660718785906
7nmt,I 121,19,192.93812808225798
7nmt,I 121,20,11.506782729501385
7nmt,I 121,21,19.87580198939918
7nmt,I 121,22,31.249051167071695
7nmt,I 121,23,0.06538159933596566
7nmt,I 121,24,6.321859942179188
7nmt,I 121,25,0.0
7nmt,I 121,26,68.84912412941765
7nmt,I 121,27,0.0
7nmt,I 121,28,12.9587814132071
7nmt,I 121,29,21.26844527927205
7nmt,I 121,30,0.0
7nmt,I 121,31,35.87336130534409
7nmt,I 121,32,39.082715704505
7nmt,I 121,33,42.1753917402819
7nmt,I 121,34,101.89274216407846
7nmt,I 121,35,52.47946293500675
7nmt,I 121,36,92.79149882137948
7nmt,I 121,37,16.97833455751401
7nmt,I 121,38,14.56807038567487
7nmt,I 121,39,0.0
7nmt,I 121,40,6.633152429436891
7nmt,I 121,41,93.03610982569623
7nmt,I 121,42,88.97986882676017
7nmt,I 121,43,55.13588016787299
7nmt,I 121,44,121.85154270712083
7nmt,I 121,45,129.27126241293632
7nmt,I 121,46,37.399494469430195
7nmt,I 121,47,165.20827454608656
7nmt,I 121,48,158.39698821983072
7nmt,I 121,49,26.848945799876443
7nmt,I 121,50,84.68796551596287
7nmt,I 121,51,72.57504145622656
7nmt,I 121,52,69.18377076038897
7nmt,I 121,53,73.04720642125761
7nmt,I 121,54,101.0826857684039
7nmt,I 121,55,63.88455332295553
7nmt,I 121,56,128.1543684484705
7nmt,I 121,57,40.69794551025415
7nmt,I 121,58,203.64596022492336
7nmt,I 121,59,83.4303822776803
7nmt,I 121,60,161.46611962572575
7nmt,I 121,61,4.140459550682678
7nmt,I 121,62,33.36395889000681
7nmt,I 121,63,59.08750801739186
7nmt,I 121,64,13.019703673532272
7nmt,I 121,65,46.996074083913754
7nmt,I 121,66,29.925116402339036
7nmt,I 121,67,49.08166465487023
7nmt,I 121,68,5.74302912758367
7nmt,I 121,69,86.56533018168993
7nmt,I 121,70,18.830344735749573
7nmt,I 121,71,109.74799186079368
7nmt,I 121,72,37.412483085792466
7nmt,I 121,73,77.11210714068221
7nmt,I 121,74,159.4891996451746
7nmt,I 121,75,167.52956643248203
7nmt,I 121,76,30.828415649457657
7nmt,I 121,77,88.10376599194652
7nmt,I 121,78,12.758282291715764
7nmt,I 121,79,5.900072998833576
7nmt,I 121,80,0.0
7nmt,I 121,81,49.59524870810622
7nmt,I 121,82,0.0
7nmt,I 121,83,51.746426548571534
7nmt,I 121,84,10.223457984226172
7nmt,I 121,85,105.91419942252938
7nmt,I 121,86,39.075567741148525
7nmt,I 121,87,27.57721273013658
7nmt,I 121,88,129.21723670012096
7nmt,I 121,89,131.26573102041814
7nmt,I 121,90,63.73873045819648
7nmt,I 121,91,96.79960508149111
7nmt,I 121,92,93.45331644635615
7nmt,I 121,93,35.849229403982505
7nmt,I 121,94,130.05967649385363
7nmt,I 121,95,14.148499017952533
7nmt,I 121,96,82.48279625908862
7nmt,I 121,97,82.20752359732764
7nmt,I 121,98,136.18790196921486
7nmt,I 121,99,117.5466380778523
7nmv,I 121,0,207.2736877541656
7nmv,I 121,1,67.7769180455739
7nmv,I 121,2,97.73663864045719
7nmv,I 121,3,126.85374581085118
7nmv,I 121,4,74.89301339998045
7nmv,I 121,5,6.431253522163604
7nmv,I 121,6,124.36052115348332
7nmv,I 121,7,20.235066089693348
7nmv,I 121,8,69.05454378926325
7nmv,I 121,9,12.715133825327209
7nmv,I 121,10,36.65791750081618
7nmv,I 121,11,18.79146514115744
7nmv,I 121,12,134.90675531008478
7nmv,I 121,13,103.2702520702902
7nmv,I 121,14,54.51830882797817
7nmv,I 121,15,108.16295883769133
7nmv,I 121,16,182.3807017593164
7nmv,I 121,17,68.10779440284426
7nmv,I 121,18,44.756415025061344
7nmv,I 121,19,191.36293949409037
7nmv,I 121,20,13.553197982796878
7nmv,I 121,21,21.498717998426386
7nmv,I 121,22,36.05210582957879
7nmv,I 121,23,0.0
7nmv,I 121,24,6.129686531752468
7nmv,I 121,25,0.0
7nmv,I 121,26,66.79311148843436
7nmv,I 121,27,0.0
7nmv,I 121,28,12.508667407970567
7nmv,I 121,29,19.857544285448242
7nmv,I 121,30,0.0
7nmv,I 121,31,40.35812966369541
7nmv,I 121,32,37.072787629352945
7nmv,I 121,33,44.373434955479944
7nmv,I 121,34,101.25480679227715
7nmv,I 121,35,52.11537956476886
7nmv,I 121,36,81.56697604885602
7nmv,I 121,37,15.84317190925625
7nmv,I 121,38,18.53685216785534
7nmv,I 121,39,0.0
7nmv,I 121,40,7.5637088901223795
7nmv,I 121,41,87.33056649721877
7nmv,I 121,42,81.34459706916073
7nmv,I 121,43,59.356683159298385
7nmv,I 121,44,129.6854141328704
7nmv,I 121,45,152.05435999993836
7nmv,I 121,46,33.88237909087269
7nmv,I 121,47,163.96310336098898
7nmv,I 121,48,162.0087920919588
7nmv,I 121,49,26.608753192163103
7nmv,I 121,50,129.6133046449612
7nmv,I 121,51,71.87198673651324
7nmv,I 121,52,70.55984848502112
7nmv,I 121,53,75.46906681889442
7nmv,I 121,54,99.90901801316264
7nmv,I 121,55,61.73376915535982
7nmv,I 121,56,120.70746847515233
7nmv,I 121,57,70.85333640149526
7nmv,I 121,58,130.7179890222742
7nmv,I 121,59,106.52097141923565
7nmv,I 121,60,112.0715174363134
7nmv,I 121,61,15.375552502458447
7nmv,I 121,62,30.33698380720006
7nmv,I 121,63,59.82454544273521
7nmv,I 121,64,11.803841057312157
7nmv,I 121,65,48.202700656548856
7nmv,I 121,66,29.417166719206115
7nmv,I 121,67,47.779775568082535
7nmv,I 121,68,4.351526939863179
7nmv,I 121,69,94.45578885254427
7nmv,I 121,70,18.999748697501037
7nmv,I 121,71,112.74424247571378
7nmv,I 121,72,35.997018689142116
7nmv,I 121,73,70.80542784976944
7nmv,I 121,74,146.99330799009056
7nmv,I 121,75,194.47376091391052
7nmv,I 121,76,32.255625050815674
7nmv,I 121,77,117.35954222724715
7nmv,I 121,78,6.6183003046446505
7nmv,I 121,79,7.784318253695045
7nmv,I 121,80,0.0
7nmv,I 121,81,46.632982382945414
7nmv,I 121,82,0.047028904710179315
7nmv,I 121,83,41.9693384912934
7nmv,I 121,84,14.61379934067376
7nmv,I 121,85,104.90400562002604
7nmv,I 121,86,38.02733075085684
7nmv,I 121,87,30.399813537510965
7nmv,I 121,88,120.33023589801789
7nmv,I 121,89,135.1442540648061
7nmv,I 121,90,61.647016220518
7nmv,I 121,91,93.48231216310384
7nmv,I 121,92,93.40671834134929
7nmv,I 121,93,35.19178914518418
7nmv,I 121,94,153.34612912859308
7nmv,I 121,95,18.498940094030022
7nmv,I 121,96,69.58119479449833
7nmv,I 121,97,76.17161112129797
7nmv,I 121,98,137.02777154010994
7nmv,I 121,99,106.95244261267742
7nmy,I 121,0,200.28279453076172
7nmy,I 121,1,64.44826830193924
7nmy,I 121,2,87.30414765007062
7nmy,I 121,3,94.49361440423883
7nmy,I 121,4,71.22017188276239
7nmy,I 121,5,3.4139640473231343
7nmy,I 121,6,126.2816317869038
7nmy,I 121,7,14.210493890423662
7nmy,I 121,8,72.49178556234314
7nmy,I 121,9,11.269771860831414
7nmy,I 121,10,35.8752347055436
7nmy,I 121,11,16.193644274423598
7nmy,I 121,12,127.37369456968737
7nmy,I 121,13,97.94298055301981
7nmy,I 121,14,34.94614885574579
7nmy,I 121,15,101.00013588698128
7nmy,I 121,16,159.78693219415968
7nmy,I 121,17,66.68435448964644
7nmy,I 121,18,41.08163604957873
7nmy,I 121,19,191.4682735095684
7nmy,I 121,20,6.055775718077087
7nmy,I 121,21,18.697764139530822
7nmy,I 121,22,24.562275218759414
7nmy,I 121,23,0.0
7nmy,I 121,24,5.247115407640045
7nmy,I 121,25,0.0
7nmy,I 121,26,65.02561477505192
7nmy,I 121,27,0.0
7nmy,I 121,28,11.600029639340997
7nmy,I 121,29,19.269898572938025
7nmy,I 121,30,0.0
7nmy,I 121,31,37.510195704549865
7nmy,I 121,32,34.675294367573464
7nmy,I 121,33,37.988739539889146
7nmy,I 121,34,97.47386739538673
7nmy,I 121,35,47.28777410084726
7nmy,I 121,36,76.60186189672555
7nmy,I 121,37,14.025835656656422
7nmy,I 121,38,11.975130631440745
7nmy,I 121,39,0.0
7nmy,I 121,40,3.1297396440276426
7nmy,I 121,41,70.74818879497113
7nmy,I 121,42,72.21069545434752
7nmy,I 121,43,62.44030584794272
7nmy,I 121,44,125.55077726046169
7nmy,I 121,45,143.72481395798454
7nmy,I 121,46,29.184293283979347
7nmy,I 121,47,143.14214731145086
7nmy,I 121,48,186.85997661938742
7nmy,I 121,49,21.825138463047857
7nmy,I 121,50,93.28579630760244
7nmy,I 121,51,66.16188731481677
7nmy,I 121,52,67.86553228763387
7nmy,I 121,53,70.45829363625612
7nmy,I 121,54,91.77602287362448
7nmy,I 121,55,59.409663702016594
7nmy,I 121,56,110.78672700011339
7nmy,I 121,57,65.65742886177303
7nmy,I 121,58,128.96621916202008
7nmy,I 121,59,103.84610231542321
7nmy,I 121,60,104.49073228518205
7nmy,I 121,61,9.055570395191252
7nmy,I 121,62,27.22649268584244
7nmy,I 121,63,53.8578375531124
7nmy,I 121,64,10.146858852351398
7nmy,I 121,65,44.342274992988635
7nmy,I 121,66,26.51571234247082
7nmy,I 121,67,44.37947311168186
7nmy,I 121,68,3.1944197383652146
7nmy,I 121,69,82.14435710152786
7nmy,I 121,70,16.972164201654678
7nmy,I 121,71,110.71415751264529
7nmy,I 121,72,33.572107312970225
7nmy,I 121,73,66.53424769129333
7nmy,I 121,74,161.25016152428068
7nmy,I 121,75,180.37315694063915
7nmy,I 121,76,86.5628742432615
7nmy,I 121,77,88.11941342813678
7nmy,I 121,78,2.7847783239501753
7nmy,I 121,79,3.746284570383578
7nmy,I 121,80,0.0
7nmy,I 121,81,52.608897902313714
7nmy,I 121,82,0.0
7nmy,I 121,83,47.24120845188662
7nmy,I 121,84,8.36638800118675
7nmy,I 121,85,97.58975588006821
7nmy,I 121,86,33.67973928385643
7nmy,I 121,87,22.617947649110633
7nmy,I 121,88,118.92040781778064
7nmy,I 121,89,137.49719690003337
7nmy,I 121,90,55.76982652685986
7nmy,I 121,91,87.26150512929145
7nmy,I 121,92,87.5252162604321
7nmy,I 121,93,30.7176283376523
7nmy,I 121,94,127.56696248388084
7nmy,I 121,95,16.504039051008164
7nmy,I 121,96,75.62478279978947
7nmy,I 121,97,111.4315081437633
7nmy,I 121,98,125.95453406226073
7nmy,I 121,99,106.54214539473013
7nn5,I 121,0,203.25171190393323
7nn5,I 121,1,62.646788599269364
7nn5,I 121,2,93.6798844142753
7nn5,I 121,3,75.66606416812337
7nn5,I 121,4,71.54309282945522
7nn5,I 121,5,3.5836720085140006
7nn5,I 121,6,129.23487784918268
7nn5,I 121,7,15.817217348731655
7nn5,I 121,8,64.53526432229872
7nn5,I 121,9,16.877666094434957
7nn5,I 121,10,43.282348183851255
7nn5,I 121,11,22.930473554103575
7nn5,I 121,12,133.88665558436915
7nn5,I 121,13,100.00160991377254
7nn5,I 121,14,42.25064735465364
7nn5,I 121,15,110.57241575152032
7nn5,I 121,16,177.99964920874712
7nn5,I 121,17,69.16231423454369
7nn5,I 121,18,47.83093378784021
7nn5,I 121,19,189.7251280933301
7nn5,I 121,20,18.16192789669345
7nn5,I 121,21,14.546773401121513
7nn5,I 121,22,30.530272995322527
7nn5,I 121,23,0.0
7nn5,I 121,24,4.971023911642716
7nn5,I 121,25,0.0
7nn5,I 121,26,62.143427363146714
7nn5,I 121,27,0.0
7nn5,I 121,28,8.94115966152894
7nn5,I 121,29,17.782123747448892
7nn5,I 121,30,0.0
7nn5,I 121,31,37.81363719488763
7nn5,I 121,32,34.04617338197906
7nn5,I 121,33,37.07829772202279
7nn5,I 121,34,95.30569949497612
7nn5,I 121,35,47.04171305596844
7nn5,I 121,36,78.09268087845363
7nn5,I 121,37,14.14125227171708
7nn5,I 121,38,10.383580776607602
7nn5,I 121,39,0.0
7nn5,I 121,40,3.0207558720291274
7nn5,I 121,41,74.81852972784176
7nn5,I 121,42,70.41539450460053
7nn5,I 121,43,58.847519006655844
7nn5,I 121,44,104.39443571662392
7nn5,I 121,45,118.10041088343193
7nn5,I 121,46,24.506162830771544
7nn5,I 121,47,128.78657807346653
7nn5,I 121,48,177.72895819996245
7nn5,I 121,49,22.986300772173667
7nn5,I 121,50,76.68451037624683
7nn5,I 121,51,66.61565532536707
7nn5,I 121,52,66.50332975689803
7nn5,I 121,53,70.506826399628
7nn5,I 121,54,93.05438436353603
7nn5,I 121,55,57.05534991464181
7nn5,I 121,56,113.03085438668136
7nn5,I 121,57,63.542100173037774
7nn5,I 121,58,115.97611671168036
7nn5,I 121,59,100.63081004433425
7nn5,I 121,60,103.76871083835579
7nn5,I 121,61,4.3434955458775635
7nn5,I 121,62,28.177857564597048
7nn5,I 121,63,51.83911452723103
7nn5,I 121,64,9.46964849200022
7nn5,I 121,65,46.821447628219964
7nn5,I 121,66,25.5777022121329
7nn5,I 121,67,40.7939100111833
7nn5,I 121,68,3.268348186769356
7nn5,I 121,69,98.23258393615603
7nn5,I 121,70,19.245839697668508
7nn5,I 121,71,125.17180535020545
7nn5,I 121,72,38.495664018344
7nn5,I 121,73,44.809136618883656
7nn5,I 121,74,154.20008167662064
7nn5,I 121,75,188.59480529824415
7nn5,I 121,76,59.29814300501057
7nn5,I 121,77,82.94284467035513
7nn5,I 121,78,5.103313560247212
7nn5,I 121,79,4.022849395307719
7nn5,I 121,80,0.0
7nn5,I 121,81,46.96064501041985
7nn5,I 121,82,0.0
7nn5,I 121,83,38.14928388632327
7nn5,I 121,84,11.101315855703302
7nn5,I 121,85,99.456068256336
7nn5,I 121,86,33.85718899553214
7nn5,I 121,87,25.378237479983646
7nn5,I 121,88,108.69560038476561
7nn5,I 121,89,130.04810933054665
7nn5,I 121,90,61.645512027942026
7nn5,I 121,91,88.58018083959186
7nn5,I 121,92,84.70317858272668
7nn5,I 121,93,31.205866629717576
7nn5,I 121,94,118.47619633501594
7nn5,I 121,95,19.473392638090818
7nn5,I 121,96,124.19271263668735
7nn5,I 121,97,70.53303954350616
7nn5,I 121,98,175.8233646573587
